sura,ayat,dominant_topic,confidence
1,1,2,0.42
1,2,6,0.82
1,3,3,0.525
1,4,6,0.44285712
1,5,0,0.525
1,6,0,0.51666665
2,2,8,0.35
2,3,4,0.23333332
2,4,4,0.3875
2,5,9,0.35
2,6,8,0.31
2,7,5,0.41
2,8,8,0.3875
2,9,9,0.45555556
2,10,9,0.46363637
2,11,9,0.46363637
2,12,9,0.51666665
2,13,9,0.63125
2,14,1,0.3923077
2,15,0,0.44285712
2,16,0,0.55454546
2,17,5,0.3153846
2,18,0,0.62
2,19,9,0.40500003
2,20,5,0.526087
2,21,9,0.5857143
2,22,2,0.3857143
2,23,0,0.3923077
2,24,9,0.42499998
2,25,4,0.35806453
2,26,9,0.355
2,27,9,0.34166667
2,28,2,0.67777777
2,29,2,0.54
2,30,2,0.3736842
2,31,9,0.42499998
2,32,6,0.675
2,33,9,0.45909092
2,34,4,0.34166667
2,35,9,0.41764706
2,36,9,0.355
2,37,6,0.50714284
2,38,4,0.28333333
2,39,3,0.45555556
2,40,4,0.38125
2,41,5,0.31875
2,42,6,0.6375
2,43,7,0.7625
2,44,4,0.42499998
2,45,7,0.41
2,46,9,0.82
2,47,4,0.46363637
2,48,8,0.25833333
2,49,7,0.42083335
2,50,2,0.37272727
2,51,8,0.31
2,52,7,0.36666667
2,53,4,0.5125
2,54,7,0.26296297
2,55,9,0.51
2,56,2,0.525
2,57,4,0.4263158
2,58,9,0.4809524
2,59,9,0.5083333
2,60,2,0.35000002
2,61,9,0.31458333
2,62,9,0.33809525
2,63,8,0.43571427
2,64,9,0.3875
2,65,6,0.34166667
2,66,8,0.5857143
2,67,9,0.3642857
2,68,4,0.25833333
2,69,9,0.34166667
2,70,9,0.31
2,71,5,0.28333333
2,72,7,0.3875
2,73,2,0.28181818
2,74,9,0.38846156
2,75,6,0.25833333
2,76,8,0.34
2,77,4,0.35
2,78,9,0.31
2,79,5,0.70000005
2,80,3,0.23846152
2,81,3,0.46363637
2,82,3,0.51
2,83,7,0.5392857
2,84,8,0.46363637
2,85,9,0.36153847
2,86,0,0.23333332
2,87,4,0.23666666
2,88,8,0.2625
2,89,4,0.47647062
2,90,4,0.255
2,91,9,0.4263158
2,92,6,0.23846152
2,93,5,0.244
2,94,8,0.31
2,95,5,0.28181818
2,96,9,0.3956522
2,97,4,0.31875
2,98,0,0.55454546
2,99,4,0.37272727
2,100,9,0.41
2,101,4,0.29285714
2,102,8,0.19836067
2,103,6,0.31
2,104,9,0.43571427
2,105,9,0.29999998
2,106,7,0.27333334
2,107,2,0.34444442
2,108,0,0.40666667
2,109,4,0.355
2,110,7,0.43571427
2,111,0,0.25833333
2,112,9,0.50625
2,113,1,0.39444444
2,114,9,0.3956522
2,115,2,0.34166667
2,116,2,0.46363637
2,117,2,0.31
2,118,4,0.40666667
2,119,4,0.42499998
2,120,0,0.305
2,121,9,0.43571427
2,122,4,0.37272727
2,123,9,0.3923077
2,124,8,0.25625
2,125,9,0.2652174
2,126,9,0.27307692
2,127,6,0.54615384
2,128,7,0.35217392
2,129,6,0.39444444
2,130,1,0.40666667
2,131,4,0.5125
2,132,7,0.44375
2,133,1,0.33809525
2,134,9,0.45555556
2,135,1,0.3923077
2,136,4,0.29047617
2,137,0,0.3923077
2,138,7,0.35
2,139,1,0.28181818
2,140,1,0.32272726
2,141,9,0.45555556
2,142,0,0.22777778
2,143,9,0.22500001
2,144,5,0.39642859
2,145,8,0.32272726
2,146,4,0.42499998
2,147,5,0.2625
2,148,2,0.24117647
2,149,5,0.3153846
2,150,9,0.3956522
2,151,4,0.45000002
2,152,8,0.44285712
2,153,7,0.34444442
2,154,2,0.29999998
2,155,8,0.27333334
2,156,1,0.8416667
2,157,9,0.5125
2,158,1,0.284
2,159,4,0.57857144
2,160,6,0.50714284
2,161,9,0.41
2,162,3,0.7285714
2,163,6,0.7625
2,164,2,0.5323529
2,165,9,0.36818182
2,166,8,0.31
2,167,5,0.28333333
2,168,9,0.31875
2,169,9,0.51666665
2,170,1,0.39444444
2,171,0,0.34166667
2,172,9,0.28181818
2,173,8,0.55
2,174,3,0.3736842
2,175,3,0.5083333
2,176,4,0.22142856
2,177,7,0.30652174
2,178,8,0.39736843
2,179,2,0.3875
2,180,7,0.4263158
2,181,6,0.46363637
2,182,7,0.46923077
2,183,8,0.61
2,184,8,0.2935484
2,185,8,0.2846154
2,186,9,0.28333333
2,187,8,0.3489796
2,188,7,0.29999998
2,189,8,0.22173913
2,190,8,0.41
2,191,0,0.43333334
2,192,6,0.68333334
2,193,9,0.41
2,194,8,0.40500003
2,195,7,0.37272727
2,196,8,0.25178573
2,197,7,0.46785715
2,198,1,0.19523808
2,199,6,0.61
2,200,9,0.355
2,201,7,0.37272727
2,202,9,0.3875
2,203,8,0.32272726
2,204,9,0.34
2,205,2,0.3153846
2,206,9,0.35882354
2,207,9,0.31
2,208,1,0.29285714
2,209,6,0.5083333
2,210,2,0.40666667
2,211,4,0.56875
2,212,9,0.305
2,213,4,0.3682927
2,214,0,0.24285714
2,215,7,0.4809524
2,216,9,0.44375
2,217,0,0.35952383
2,218,6,0.37272727
2,219,4,0.33703706
2,220,7,0.37
2,221,7,0.34318182
2,222,4,0.19615385
2,223,4,0.29999998
2,224,7,0.40666667
2,225,7,0.5083333
2,226,6,0.3153846
2,227,6,0.5125
2,228,8,0.32580647
2,229,8,0.5139535
2,230,7,0.36400002
2,231,8,0.49111113
2,232,8,0.4625
2,233,7,0.41428572
2,234,8,0.46538463
2,235,6,0.2404762
2,236,8,0.60400003
2,237,7,0.3857143
2,238,7,0.5857143
2,239,9,0.34
2,240,8,0.3
2,241,8,0.73636365
2,242,4,0.44285712
2,243,9,0.33888888
2,244,6,0.5125
2,245,2,0.27333334
2,246,9,0.3025
2,247,2,0.23666666
2,248,9,0.36400002
2,249,8,0.33571428
2,250,2,0.34
2,251,8,0.38846156
2,252,5,0.31
2,253,9,0.35250002
2,254,9,0.40500003
2,255,9,0.28139535
2,256,9,0.23181818
2,257,5,0.36818182
2,258,2,0.37
2,259,5,0.282
2,260,9,0.31842107
2,261,6,0.24285714
2,262,9,0.3642857
2,263,7,0.29285714
2,264,9,0.38529414
2,265,8,0.32500002
2,266,3,0.28857145
2,267,9,0.28928572
2,268,8,0.29285714
2,269,8,0.54
2,270,9,0.41
2,271,9,0.27333334
2,272,0,0.35217392
2,273,0,0.35217392
2,274,9,0.32105264
2,275,8,0.35405406
2,276,1,0.34444442
2,277,9,0.44375
2,278,8,0.5125
2,279,9,0.29285714
2,280,9,0.34166667
2,281,9,0.28181818
2,282,7,0.24862386
2,283,8,0.33666667
2,284,2,0.29583332
2,285,0,0.28928572
2,286,9,0.39736843
3,2,1,0.2625
3,3,4,0.71
3,4,9,0.3153846
3,5,2,0.51666665
3,6,6,0.55454546
3,7,4,0.2394737
3,8,4,0.23846152
3,9,8,0.41
3,10,3,0.3153846
3,11,1,0.23846152
3,12,3,0.51
3,13,9,0.3
3,14,7,0.346875
3,15,3,0.324
3,16,9,0.34166667
3,17,6,0.34444442
3,18,6,0.37272727
3,19,9,0.38125
3,20,9,0.284
3,21,9,0.31875
3,22,1,0.31
3,23,4,0.34166667
3,24,3,0.3923077
3,25,9,0.3153846
3,26,8,0.41111112
3,27,2,0.33888888
3,28,9,0.305
3,29,2,0.25625
3,30,7,0.24285714
3,31,1,0.3153846
3,32,0,0.44285712
3,33,8,0.37272727
3,34,6,0.41
3,35,6,0.44375
3,36,7,0.42083335
3,37,7,0.25357142
3,38,9,0.47333333
3,39,4,0.555
3,40,7,0.37272727
3,41,9,0.3857143
3,42,7,0.25833333
3,43,0,0.23333332
3,44,4,0.31875
3,45,8,0.355
3,46,4,0.29999998
3,47,8,0.32105264
3,48,4,0.5857143
3,49,2,0.23333335
3,50,4,0.35882354
3,51,9,0.44285712
3,52,9,0.623077
3,53,4,0.31
3,54,7,0.8416667
3,55,3,0.33888888
3,56,9,0.34166667
3,57,1,0.23333332
3,58,8,0.45555556
3,59,7,0.31
3,60,3,0.18333334
3,61,7,0.204
3,62,6,0.623077
3,63,6,0.35
3,64,9,0.505
3,65,4,0.34166667
3,66,9,0.46363637
3,67,1,0.3923077
3,68,9,0.34444442
3,69,0,0.34444442
3,70,9,0.3875
3,71,6,0.31
3,72,4,0.31
3,73,8,0.36400002
3,74,8,0.5857143
3,75,4,0.35217392
3,76,8,0.7285714
3,77,3,0.22777778
3,78,9,0.27333334
3,79,4,0.25625
3,80,7,0.34444442
3,81,4,0.25357142
3,82,0,0.62
3,83,7,0.25625
3,84,9,0.27727273
3,85,8,0.34166667
3,86,4,0.35882354
3,87,9,0.29999998
3,88,3,0.7285714
3,89,6,0.5857143
3,90,9,0.5125
3,91,9,0.255
3,92,0,0.23846152
3,93,4,0.35882354
3,94,9,0.5857143
3,95,1,0.37272727
3,96,3,0.31
3,97,8,0.3
3,98,9,0.3923077
3,99,9,0.34
3,100,9,0.55454546
3,101,5,0.41764706
3,102,9,0.37272727
3,103,4,0.28928572
3,104,7,0.55454546
3,105,3,0.34166667
3,106,3,0.555
3,107,3,0.45555556
3,108,5,0.25833333
3,109,2,0.6454545
3,110,9,0.4263158
3,111,1,0.37272727
3,112,9,0.50454545
3,113,3,0.34166667
3,114,7,0.46923077
3,115,6,0.29999998
3,116,7,0.3923077
3,117,2,0.27727273
3,118,8,0.3115385
3,119,9,0.27307692
3,120,7,0.29047617
3,121,6,0.40666667
3,122,9,0.31
3,123,8,0.31
3,124,9,0.41
3,125,8,0.22142856
3,126,4,0.29285714
3,127,3,0.29999998
3,128,0,0.2625
3,129,2,0.3736842
3,130,8,0.31
3,131,3,0.44285712
3,132,0,0.62
3,133,2,0.28181818
3,134,7,0.43571427
3,135,1,0.43913046
3,136,3,0.54
3,137,5,0.34444442
3,138,5,0.2625
3,139,7,0.41
3,140,9,0.63125
3,141,9,0.62
3,142,0,0.23333332
3,143,6,0.3875
3,144,9,0.29047617
3,145,8,0.3115385
3,146,8,0.28333333
3,147,9,0.29999998
3,148,7,0.71
3,149,9,0.8272728
3,150,0,0.42
3,151,3,0.50555557
3,152,8,0.38846156
3,153,1,0.28333333
3,154,9,0.28245616
3,155,6,0.305
3,156,7,0.32500002
3,157,9,0.45555556
3,158,9,0.42
3,159,9,0.3115385
3,160,8,0.41
3,161,7,0.32105264
3,162,3,0.55454546
3,163,6,0.44285712
3,164,6,0.244
3,165,4,0.25625
3,166,8,0.25833333
3,167,9,0.42083335
3,168,7,0.25625
3,169,0,0.22142856
3,170,4,0.38125
3,171,8,0.34444442
3,172,9,0.42499998
3,173,9,0.5083333
3,174,8,0.34444442
3,175,0,0.42499998
3,176,9,0.3642857
3,177,9,0.34444442
3,178,9,0.29047617
3,179,9,0.3
3,180,2,0.15185185
3,181,9,0.29999998
3,182,9,0.44285712
3,183,4,0.3857143
3,184,4,0.34
3,185,3,0.32272726
3,186,4,0.25625
3,187,4,0.21249999
3,188,0,0.29047617
3,189,2,0.81000006
3,190,2,0.28181818
3,191,2,0.26842105
3,192,3,0.31
3,193,9,0.39444444
3,194,3,0.25833333
3,195,7,0.24594596
3,196,0,0.28181818
3,197,3,0.7625
3,198,3,0.50555557
3,199,4,0.4263158
3,200,7,0.42499998
4,1,7,0.284
4,2,7,0.59411764
4,3,7,0.50416666
4,4,4,0.38125
4,5,7,0.34
4,6,8,0.38863638
4,7,7,0.58750004
4,8,7,0.6066667
4,9,9,0.34
4,10,3,0.3642857
4,11,7,0.48548388
4,12,7,0.58358204
4,13,3,0.5352941
4,14,3,0.41764706
4,15,8,0.27727273
4,16,7,0.40666667
4,17,6,0.5352941
4,18,9,0.24285714
4,19,7,0.31379312
4,20,8,0.56111115
4,21,9,0.37272727
4,22,7,0.3153846
4,23,7,0.6790322
4,24,7,0.2935484
4,25,7,0.31666666
4,26,6,0.43571427
4,27,0,0.46363637
4,28,4,0.2625
4,29,7,0.36818182
4,30,8,0.42499998
4,31,1,0.54
4,32,9,0.43913046
4,33,7,0.47647062
4,34,7,0.38333336
4,35,7,0.4172414
4,36,7,0.38275865
4,37,3,0.34166667
4,38,0,0.3642857
4,39,9,0.42499998
4,40,9,0.42499998
4,41,4,0.34444442
4,42,9,0.34166667
4,43,7,0.26578948
4,44,0,0.46363637
4,45,0,0.5125
4,46,5,0.32500002
4,47,3,0.27727273
4,48,9,0.3153846
4,49,8,0.34166667
4,50,9,0.61
4,51,9,0.3923077
4,52,3,0.34444442
4,53,4,0.29999998
4,54,4,0.47333333
4,55,3,0.34166667
4,56,5,0.3736842
4,57,3,0.5761905
4,58,8,0.24285714
4,59,0,0.39444444
4,60,0,0.255
4,61,0,0.25833333
4,62,4,0.20666666
4,63,9,0.46363637
4,64,6,0.3375
4,65,9,0.29285714
4,66,9,0.39444444
4,67,9,0.42
4,68,0,0.62
4,69,0,0.28333333
4,70,6,0.42
4,71,0,0.37272727
4,72,0,0.25833333
4,73,0,0.25625
4,74,0,0.305
4,75,9,0.33809525
4,76,0,0.63125
4,77,9,0.47500002
4,78,9,0.3736842
4,79,9,0.46923077
4,80,0,0.56666666
4,81,0,0.29047617
4,82,9,0.55454546
4,83,8,0.3115385
4,84,9,0.41764706
4,85,0,0.19523808
4,86,7,0.3923077
4,87,9,0.37272727
4,88,9,0.4263158
4,89,0,0.35000002
4,90,9,0.31379312
4,91,4,0.221875
4,92,8,0.56545454
4,93,3,0.41764706
4,94,7,0.30333334
4,95,7,0.35000002
4,96,6,0.6375
4,97,2,0.36818182
4,98,7,0.61
4,99,6,0.6375
4,100,0,0.2652174
4,101,9,0.47333333
4,102,7,0.26964286
4,103,8,0.3857143
4,104,6,0.3736842
4,105,4,0.34166667
4,106,6,0.87142855
4,107,7,0.41
4,108,9,0.27333334
4,109,0,0.37272727
4,110,6,0.43571427
4,111,6,0.34166667
4,112,1,0.46363637
4,113,4,0.38846156
4,114,9,0.33809525
4,115,0,0.33888888
4,116,0,0.34166667
4,117,9,0.51666665
4,118,2,0.23333332
4,119,6,0.30869564
4,120,0,0.3153846
4,121,3,0.44285712
4,122,3,0.39444444
4,123,0,0.47647062
4,124,7,0.3642857
4,125,1,0.50714284
4,126,2,0.56666666
4,127,7,0.5392857
4,128,7,0.48400003
4,129,7,0.2652174
4,130,2,0.34166667
4,131,2,0.4136364
4,132,2,0.3875
4,133,9,0.37272727
4,134,7,0.3923077
4,135,7,0.42258066
4,136,4,0.36818182
4,137,9,0.6454545
4,138,3,0.29999998
4,139,9,0.42499998
4,140,4,0.22173913
4,141,8,0.26296297
4,142,7,0.3736842
4,143,9,0.34166667
4,144,9,0.29285714
4,145,0,0.31
4,146,5,0.20666666
4,147,6,0.3875
4,148,6,0.28181818
4,149,7,0.31
4,150,0,0.47647062
4,151,3,0.3875
4,152,0,0.34
4,153,4,0.39642859
4,154,3,0.305
4,155,9,0.455
4,156,1,0.5857143
4,157,8,0.32500002
4,158,6,0.5857143
4,159,9,0.28181818
4,160,0,0.19090909
4,161,8,0.3642857
4,162,4,0.32105264
4,163,4,0.30869564
4,164,4,0.46923077
4,165,6,0.29999998
4,166,4,0.46363637
4,167,0,0.56666666
4,168,0,0.29999998
4,169,3,0.5857143
4,170,6,0.305
4,171,7,0.19756098
4,172,4,0.29285714
4,173,9,0.255
4,174,4,0.46923077
4,175,0,0.28181818
4,176,7,0.57884616
5,1,8,0.555
5,2,0,0.23617022
5,3,8,0.31666666
5,4,8,0.3956522
5,5,7,0.2977273
5,6,5,0.23125
5,7,4,0.40666667
5,8,7,0.4136364
5,9,1,0.3875
5,10,5,0.5125
5,11,8,0.4263158
5,12,3,0.21891893
5,13,7,0.26296297
5,14,1,0.19375
5,15,4,0.71176475
5,16,0,0.33888888
5,17,8,0.3457143
5,18,2,0.22592592
5,19,4,0.4870968
5,20,4,0.33809525
5,21,9,0.5083333
5,22,9,0.34166667
5,23,8,0.25625
5,24,9,0.38125
5,25,9,0.34166667
5,26,8,0.29285714
5,27,7,0.47647062
5,28,5,0.34166667
5,29,3,0.5125
5,30,0,0.34444442
5,31,2,0.404
5,32,7,0.20285714
5,33,7,0.22173913
5,34,6,0.7625
5,35,0,0.23333332
5,36,9,0.35882354
5,37,3,0.34444442
5,38,7,0.39444444
5,39,6,0.3923077
5,40,2,0.45000002
5,41,9,0.222
5,42,7,0.24285714
5,43,0,0.28181818
5,44,9,0.29512197
5,45,2,0.27307692
5,46,4,0.3375
5,47,8,0.34166667
5,48,4,0.4152174
5,49,9,0.26296297
5,50,7,0.29999998
5,51,0,0.3791667
5,52,4,0.355
5,53,1,0.25833333
5,54,8,0.32580647
5,55,7,0.41
5,56,0,0.3875
5,57,4,0.21578947
5,58,5,0.34444442
5,59,9,0.5083333
5,60,9,0.305
5,61,4,0.3923077
5,62,8,0.3153846
5,63,9,0.3923077
5,64,9,0.34318182
5,65,9,0.29285714
5,66,4,0.22777778
5,67,4,0.35882354
5,68,4,0.3791667
5,69,1,0.35882354
5,70,0,0.27727273
5,71,0,0.46923077
5,72,9,0.42083335
5,73,9,0.47333333
5,74,6,0.71
5,75,8,0.29583332
5,76,4,0.34166667
5,77,0,0.32272726
5,78,8,0.43571427
5,79,7,0.61
5,80,3,0.42499998
5,81,9,0.55454546
5,82,0,0.4263158
5,83,5,0.35882354
5,84,9,0.34444442
5,85,3,0.44375
5,86,5,0.5125
5,87,8,0.46923077
5,88,8,0.31
5,89,7,0.40222222
5,90,1,0.33888888
5,91,8,0.27333334
5,92,0,0.46923077
5,93,1,0.3115385
5,94,8,0.32105264
5,95,7,0.30465117
5,96,8,0.4809524
5,97,6,0.26842105
5,98,6,0.6375
5,99,4,0.34444442
5,100,9,0.40666667
5,101,4,0.33809525
5,102,4,0.5125
5,103,4,0.28333333
5,104,9,0.35882354
5,105,4,0.34
5,106,7,0.29705882
5,107,7,0.39642859
5,108,9,0.41764706
5,109,6,0.3923077
5,110,4,0.2611111
5,111,0,0.25833333
5,112,8,0.39444444
5,113,8,0.6454545
5,114,8,0.25416666
5,115,3,0.23846152
5,116,6,0.3
5,117,9,0.56111115
5,118,6,0.61
5,119,3,0.63684213
5,120,2,0.71
7,2,4,0.5083333
7,3,8,0.42499998
7,4,3,0.46363637
7,5,9,0.5125
7,6,4,0.5857143
7,7,4,0.44285712
7,8,9,0.34444442
7,9,4,0.25833333
7,10,2,0.23846152
7,11,2,0.54
7,12,2,0.41
7,13,2,0.28181818
7,14,3,0.44285712
7,15,3,0.22
7,16,0,0.5857143
7,17,9,0.45555556
7,18,8,0.31
7,19,7,0.33888888
7,20,7,0.33809525
7,21,7,0.31
7,22,7,0.4269231
7,23,9,0.51
7,24,9,0.61
7,25,2,0.87142855
7,26,7,0.305
7,27,7,0.42258066
7,28,1,0.31875
7,29,9,0.40666667
7,30,0,0.6066667
7,31,7,0.47333333
7,32,2,0.16399999
7,33,9,0.27727273
7,34,4,0.37272727
7,35,4,0.29583332
7,36,3,0.42499998
7,37,9,0.4172414
7,38,3,0.4147059
7,39,7,0.31
7,40,3,0.32272726
7,41,9,0.37272727
7,42,3,0.3153846
7,43,0,0.33703706
7,44,3,0.32105264
7,45,0,0.67777777
7,46,2,0.255
7,47,9,0.34166667
7,48,9,0.29285714
7,49,3,0.34166667
7,50,3,0.27333334
7,51,7,0.39444444
7,52,4,0.28181818
7,53,9,0.27
7,54,2,0.503125
7,55,8,0.41
7,56,9,0.50625
7,57,8,0.27
7,58,2,0.4625
7,59,9,0.70000005
7,60,9,0.34444442
7,61,9,0.37272727
7,62,4,0.51
7,63,8,0.27333334
7,64,5,0.46363637
7,65,9,0.71
7,66,9,0.54615384
7,67,9,0.55454546
7,68,4,0.5125
7,69,7,0.26129034
7,70,9,0.3923077
7,71,9,0.30869564
7,72,3,0.3153846
7,73,9,0.36400002
7,74,9,0.25357142
7,75,9,0.50625
7,76,4,0.62
7,77,8,0.3153846
7,78,3,0.44285712
7,79,4,0.3923077
7,80,7,0.31
7,81,7,0.3923077
7,82,9,0.45555556
7,83,1,0.35
7,84,9,0.51666665
7,85,9,0.50333333
7,86,9,0.3857143
7,87,3,0.27333334
7,88,6,0.32105264
7,89,9,0.50384617
7,90,9,0.46363637
7,91,3,0.5857143
7,92,6,0.37272727
7,93,9,0.40666667
7,94,9,0.37272727
7,95,9,0.56875
7,96,9,0.39444444
7,97,9,0.42499998
7,98,9,0.54615384
7,99,9,0.55454546
7,100,9,0.29999998
7,101,4,0.4136364
7,102,9,0.6375
7,103,9,0.50625
7,104,2,0.23333332
7,105,4,0.3642857
7,106,6,0.2625
7,107,9,0.3875
7,108,5,0.44285712
7,109,2,0.23333332
7,110,8,0.42
7,111,4,0.23333332
7,112,4,0.62
7,113,4,0.31
7,114,9,0.62
7,115,8,0.51666665
7,116,5,0.28181818
7,117,9,0.41
7,118,1,0.29999998
7,119,3,0.42
7,120,9,0.42
7,121,3,0.525
7,122,9,0.775
7,123,4,0.22777778
7,124,5,0.68333334
7,125,9,0.7
7,126,5,0.29285714
7,127,9,0.44814816
7,128,2,0.25625
7,129,9,0.40666667
7,130,8,0.42499998
7,131,9,0.28333333
7,132,4,0.5857143
7,133,9,0.29999998
7,134,9,0.43333334
7,135,4,0.34444442
7,136,5,0.34444442
7,137,2,0.324
7,138,9,0.50555557
7,139,1,0.51666665
7,140,7,0.23333332
7,141,7,0.43913046
7,142,8,0.39642859
7,143,5,0.38529414
7,144,4,0.34
7,145,5,0.4136364
7,146,5,0.221875
7,147,1,0.23846152
7,148,7,0.32272726
7,149,6,0.42499998
7,150,9,0.31190476
7,151,6,0.37272727
7,152,7,0.3642857
7,153,6,0.51
7,154,9,0.46923077
7,155,9,0.35250002
7,156,9,0.33809525
7,157,7,0.1868421
7,158,9,0.33809525
7,159,9,0.31
7,160,2,0.32045457
7,161,9,0.4809524
7,162,9,0.55454546
7,163,4,0.32500002
7,164,9,0.50714284
7,165,9,0.46923077
7,166,5,0.2625
7,167,3,0.29999998
7,168,9,0.37272727
7,169,8,0.26764706
7,170,1,0.28181818
7,171,5,0.33888888
7,172,9,0.32272726
7,173,9,0.31
7,174,5,0.68333334
7,175,4,0.3153846
7,176,8,0.27307692
7,177,5,0.31
7,178,0,0.46363637
7,179,9,0.30869564
7,180,9,0.46923077
7,181,4,0.2625
7,182,5,0.45555556
7,183,4,0.35
7,184,0,0.31
7,185,2,0.50714284
7,186,0,0.6454545
7,187,9,0.44411767
7,188,4,0.3607143
7,189,8,0.27307692
7,190,6,0.3923077
7,191,2,0.29999998
7,192,0,0.5125
7,193,4,0.42499998
7,194,0,0.31
7,195,5,0.4789474
7,196,4,0.44285712
7,197,0,0.34166667
7,198,0,0.45555556
7,199,7,0.44285712
7,200,6,0.73636365
7,201,2,0.25833333
7,202,0,0.56666666
7,203,9,0.40500003
7,204,5,0.35
7,205,9,0.44375
7,206,9,0.34444442
8,1,0,0.4789474
8,2,9,0.50714284
8,3,4,0.29999998
8,4,9,0.37272727
8,5,9,0.51
8,6,5,0.2625
8,7,8,0.305
8,8,1,0.29999998
8,9,4,0.31875
8,10,4,0.3642857
8,11,1,0.26842105
8,12,9,0.4136364
8,13,0,0.6375
8,14,3,0.35
8,15,9,0.67777777
8,16,0,0.255
8,17,6,0.27333334
8,18,7,0.42
8,19,4,0.26842105
8,20,0,0.34444442
8,21,5,0.42
8,22,2,0.46363637
8,23,9,0.39444444
8,24,9,0.28333333
8,25,9,0.51
8,26,8,0.29999998
8,27,7,0.34166667
8,28,7,0.41
8,29,9,0.50714284
8,30,7,0.70500004
8,31,5,0.50714284
8,32,2,0.23333332
8,33,0,0.21
8,34,9,0.3642857
8,35,1,0.175
8,36,0,0.38125
8,37,3,0.27333334
8,38,9,0.37272727
8,39,0,0.175
8,40,0,0.41
8,41,2,0.19615385
8,42,9,0.25277779
8,43,4,0.22777778
8,44,5,0.47333333
8,45,9,0.5083333
8,46,0,0.23846152
8,47,0,0.27333334
8,48,9,0.36400002
8,49,6,0.3923077
8,50,3,0.31875
8,51,9,0.44285712
8,52,9,0.29999998
8,53,6,0.34166667
8,54,9,0.305
8,55,9,0.3875
8,56,8,0.5125
8,57,6,0.31
8,58,7,0.37272727
8,59,0,0.45555556
8,60,0,0.29047617
8,61,6,0.37272727
8,62,9,0.34444442
8,63,9,0.41764706
8,64,9,0.5857143
8,65,9,0.45909092
8,66,8,0.455
8,67,7,0.28333333
8,68,9,0.61
8,69,6,0.29285714
8,70,6,0.305
8,71,6,0.28181818
8,72,0,0.31025642
8,73,9,0.50714284
8,74,0,0.31875
8,75,9,0.25625
9,1,9,0.31
9,2,9,0.204
9,3,8,0.44375
9,4,6,0.23461539
9,5,9,0.43571427
9,6,9,0.31875
9,7,8,0.27333334
9,8,5,0.37272727
9,9,8,0.5125
9,10,7,0.44375
9,11,8,0.34166667
9,12,9,0.27727273
9,13,3,0.23846152
9,14,6,0.5083333
9,15,0,0.3642857
9,16,1,0.34
9,17,7,0.21578947
9,18,0,0.355
9,19,7,0.34166667
9,20,3,0.37272727
9,21,9,0.3875
9,22,7,0.45000002
9,23,7,0.409375
9,24,6,0.17083333
9,25,9,0.3153846
9,26,6,0.7625
9,27,9,0.255
9,28,8,0.29999998
9,29,1,0.38125
9,30,6,0.34
9,31,8,0.3923077
9,32,0,0.175
9,33,0,0.22173913
9,34,3,0.47333333
9,35,2,0.2935484
9,36,8,0.41111112
9,37,7,0.43333334
9,38,7,0.20666666
9,39,0,0.28857145
9,40,7,0.47333333
9,41,9,0.26296297
9,42,6,0.28181818
9,43,8,0.3153846
9,44,8,0.46923077
9,45,7,0.38125
9,46,9,0.35217392
9,47,9,0.25625
9,48,3,0.20666666
9,49,9,0.34166667
9,50,8,0.34444442
9,51,3,0.4263158
9,52,9,0.34166667
9,53,0,0.46923077
9,54,7,0.39444444
9,55,3,0.34444442
9,56,0,0.3642857
9,57,9,0.6066667
9,58,9,0.29285714
9,59,7,0.255
9,60,9,0.5352941
9,61,9,0.51
9,62,3,0.3923077
9,63,7,0.3153846
9,64,1,0.50625
9,65,9,0.57857144
9,66,7,0.6529412
9,67,3,0.41764706
9,68,9,0.3375
9,69,4,0.35000002
9,70,7,0.444
9,71,3,0.6130435
9,72,3,0.3923077
9,73,7,0.26296297
9,74,9,0.34
9,75,0,0.29999998
9,76,9,0.25833333
9,77,6,0.51
9,78,9,0.42499998
9,79,1,0.45000002
9,80,9,0.324
9,81,7,0.2625
9,82,9,0.32272726
9,83,7,0.25625
9,84,7,0.50714284
9,85,0,0.29999998
9,86,0,0.34444442
9,87,7,0.42499998
9,88,3,0.8272728
9,89,9,0.3736842
9,90,9,0.29999998
9,91,4,0.31875
9,92,9,0.33888888
9,93,4,0.32500002
9,94,3,0.28181818
9,95,9,0.56666666
9,96,6,0.38125
9,97,1,0.26842105
9,98,9,0.35217392
9,99,3,0.55
9,100,9,0.31875
9,101,6,0.5352941
9,102,6,0.3923077
9,103,6,0.65000004
9,104,7,0.23846152
9,105,6,0.55454546
9,106,1,0.14090909
9,107,7,0.36400002
9,108,3,0.23461539
9,109,2,0.27333334
9,110,0,0.244
9,111,7,0.455
9,112,9,0.43571427
9,113,8,0.29583332
9,114,0,0.3923077
9,115,2,0.55454546
9,116,6,0.4136364
9,117,6,0.3375
9,118,8,0.29999998
9,119,1,0.3
9,120,7,0.40666667
9,121,8,0.39444444
9,122,9,0.50714284
9,123,9,0.56875
9,124,9,0.71
9,125,8,0.37272727
9,126,5,0.24117647
9,127,6,0.26842105
9,128,9,0.51
10,1,5,0.56666666
10,2,9,0.29583332
10,3,8,0.3956522
10,4,2,0.2652174
10,5,6,0.35217392
10,6,2,0.25833333
10,7,7,0.3923077
10,8,3,0.42
10,9,3,0.34
10,10,1,0.39444444
10,11,9,0.41764706
10,12,9,0.27307692
10,13,9,0.29583332
10,14,5,0.29999998
10,15,9,0.27931035
10,16,4,0.3642857
10,17,9,0.46363637
10,18,6,0.32105264
10,19,9,0.54615384
10,20,3,0.29285714
10,21,7,0.27727273
10,22,2,0.2935484
10,23,9,0.33809525
10,24,2,0.3638298
10,25,0,0.675
10,26,3,0.63125
10,27,3,0.404
10,28,3,0.40666667
10,29,9,0.84999996
10,30,9,0.46923077
10,31,2,0.38846156
10,32,0,0.2625
10,33,9,0.6375
10,34,2,0.5083333
10,35,6,0.42083335
10,36,6,0.3923077
10,37,3,0.20666666
10,38,9,0.57857144
10,39,9,0.40666667
10,40,9,0.91
10,41,9,0.54615384
10,42,5,0.44285712
10,43,0,0.44285712
10,44,9,0.5125
10,45,3,0.24117647
10,46,9,0.34166667
10,47,0,0.23333332
10,48,6,0.525
10,49,4,0.39444444
10,50,9,0.3642857
10,51,5,0.25833333
10,52,9,0.41
10,53,9,0.46923077
10,54,9,0.38125
10,55,2,0.42499998
10,56,2,0.7285714
10,57,9,0.3642857
10,58,9,0.3875
10,59,4,0.40500003
10,60,9,0.3923077
10,61,7,0.26296297
10,62,9,0.5125
10,63,7,0.275
10,64,4,0.3923077
10,65,6,0.37272727
10,66,8,0.27727273
10,67,6,0.35882354
10,68,6,0.33888888
10,69,9,0.68333334
10,70,7,0.34166667
10,71,9,0.315625
10,72,8,0.54615384
10,73,5,0.38125
10,74,8,0.355
10,75,9,0.40666667
10,76,4,0.3875
10,77,4,0.46363637
10,78,1,0.19090909
10,79,4,0.5857143
10,80,8,0.44285712
10,81,9,0.61
10,82,8,0.29999998
10,83,9,0.36400002
10,84,9,0.61
10,85,9,0.34444442
10,86,9,0.62
10,87,5,0.26842105
10,88,7,0.284
10,89,7,0.3153846
10,90,2,0.35217392
10,91,9,0.6375
10,92,6,0.3153846
10,93,3,0.27727273
10,94,4,0.41764706
10,95,5,0.37272727
10,96,9,0.62
10,97,3,0.29999998
10,98,9,0.40500003
10,99,8,0.46363637
10,100,8,0.5125
10,101,9,0.46923077
10,102,3,0.43571427
10,103,1,0.45555556
10,104,9,0.50714284
10,105,5,0.31
10,106,4,0.5083333
10,107,9,0.25416666
10,108,0,0.36818182
10,109,4,0.41
11,1,5,0.44375
11,2,4,0.34444442
11,3,9,0.32272726
11,4,2,0.7285714
11,5,4,0.59411764
11,6,2,0.27333334
11,7,2,0.4809524
11,8,9,0.31875
11,9,9,0.34444442
11,10,4,0.3153846
11,11,1,0.44285712
11,12,4,0.40500003
11,13,9,0.44375
11,14,4,0.51
11,15,7,0.34166667
11,16,3,0.28181818
11,17,9,0.43666667
11,18,9,0.70000005
11,19,0,0.55454546
11,20,3,0.28181818
11,21,9,0.56666666
11,22,0,0.22
11,23,3,0.46363637
11,24,0,0.27333334
11,25,4,0.34444442
11,26,3,0.44285712
11,27,9,0.36818182
11,28,9,0.50625
11,29,9,0.4263158
11,30,0,0.34444442
11,31,4,0.28333333
11,32,9,0.37272727
11,33,4,0.34444442
11,34,8,0.23846152
11,35,9,0.40666667
11,36,9,0.3923077
11,37,9,0.41
11,38,5,0.40666667
11,39,3,0.41
11,40,2,0.30869564
11,41,6,0.43571427
11,42,7,0.27727273
11,43,2,0.21578947
11,44,2,0.33809525
11,45,9,0.29285714
11,46,8,0.29285714
11,47,9,0.3642857
11,48,4,0.43333334
11,49,4,0.3642857
11,50,9,0.59166664
11,51,8,0.46363637
11,52,9,0.3736842
11,53,9,0.46363637
11,54,9,0.50625
11,55,7,0.45555556
11,56,9,0.3642857
11,57,4,0.3736842
11,58,3,0.55454546
11,59,9,0.3642857
11,60,3,0.29285714
11,61,9,0.36818182
11,62,6,0.21578947
11,63,9,0.45000002
11,64,9,0.33888888
11,65,5,0.34444442
11,66,3,0.29999998
11,67,9,0.41
11,68,5,0.28181818
11,69,4,0.33809525
11,70,5,0.3153846
11,71,4,0.55454546
11,72,6,0.42499998
11,73,6,0.3153846
11,74,4,0.3923077
11,75,1,0.44285712
11,76,9,0.25833333
11,77,4,0.28181818
11,78,9,0.4851852
11,79,1,0.2625
11,80,0,0.44285712
11,81,9,0.38846156
11,82,3,0.41
11,83,9,0.45555556
11,84,9,0.55
11,85,9,0.6529412
11,86,8,0.31
11,87,6,0.26842105
11,88,9,0.324
11,89,9,0.4789474
11,90,6,0.61
11,91,8,0.47333333
11,92,9,0.675
11,93,9,0.35882354
11,94,9,0.33888888
11,95,9,0.51
11,96,4,0.34444442
11,97,2,0.35882354
11,98,3,0.623077
11,99,3,0.61
11,100,9,0.63125
11,101,9,0.56111115
11,102,9,0.54615384
11,103,9,0.37272727
11,104,8,0.35
11,105,3,0.34444442
11,106,3,0.56666666
11,107,9,0.25833333
11,108,3,0.43571427
11,109,9,0.31875
11,110,9,0.355
11,111,4,0.21
11,112,7,0.23846152
11,113,3,0.23846152
11,114,8,0.28333333
11,115,7,0.44285712
11,116,9,0.41764706
11,117,9,0.7888889
11,118,9,0.45555556
11,119,4,0.29285714
11,120,4,0.45000002
11,121,9,0.45555556
11,122,3,0.525
11,123,2,0.47333333
12,1,5,0.7625
12,2,1,0.29999998
12,3,4,0.46363637
12,4,2,0.3642857
12,5,7,0.38125
12,6,4,0.284
12,7,6,0.51
12,8,7,0.41
12,9,9,0.28181818
12,10,8,0.50714284
12,11,8,0.3153846
12,12,9,0.3923077
12,13,1,0.23333332
12,14,1,0.2625
12,15,4,0.42499998
12,16,4,0.51666665
12,17,1,0.27333334
12,18,4,0.32105264
12,19,4,0.29047617
12,20,5,0.5125
12,21,4,0.28928572
12,22,4,0.59166664
12,23,7,0.22777778
12,24,8,0.27727273
12,25,7,0.3956522
12,26,7,0.24117647
12,27,7,0.45555556
12,28,7,0.46923077
12,29,1,0.41
12,30,6,0.32105264
12,31,5,0.33666667
12,32,6,0.305
12,33,9,0.34
12,34,6,0.46363637
12,35,6,0.23333332
12,36,4,0.23461539
12,37,4,0.3736842
12,38,1,0.38125
12,39,6,0.3153846
12,40,9,0.5285714
12,41,8,0.255
12,42,7,0.31875
12,43,5,0.404
12,44,4,0.41
12,45,4,0.46363637
12,46,5,0.33888888
12,47,8,0.55454546
12,48,2,0.34444442
12,49,4,0.5125
12,50,4,0.3857143
12,51,8,0.40500003
12,52,7,0.41
12,53,9,0.34
12,54,4,0.50714284
12,55,7,0.2625
12,56,9,0.28333333
12,57,7,0.5857143
12,58,6,0.41
12,59,7,0.44375
12,60,0,0.2625
12,61,6,0.2625
12,62,1,0.5083333
12,63,0,0.34
12,64,6,0.28181818
12,65,1,0.24482758
12,66,4,0.43571427
12,67,9,0.3115385
12,68,6,0.22173913
12,69,7,0.46363637
12,70,0,0.25625
12,71,1,0.22
12,72,0,0.42499998
12,73,9,0.56666666
12,74,5,0.275
12,75,4,0.23846152
12,76,6,0.25416666
12,77,4,0.29285714
12,78,7,0.38125
12,79,9,0.28181818
12,80,4,0.22592592
12,81,9,0.3923077
12,82,4,0.37272727
12,83,6,0.39444444
12,84,8,0.31
12,85,8,0.56666666
12,86,6,0.29999998
12,87,9,0.455
12,88,1,0.22777778
12,89,9,0.44285712
12,90,8,0.38125
12,91,6,0.5125
12,92,6,0.7888889
12,93,5,0.34166667
12,94,9,0.28181818
12,95,6,0.525
12,96,4,0.29285714
12,97,1,0.56666666
12,98,6,0.71
12,99,7,0.42499998
12,100,7,0.20769231
12,101,4,0.2652174
12,102,9,0.3153846
12,103,9,0.42
12,104,8,0.5857143
12,105,6,0.34444442
12,106,9,0.82
12,107,9,0.55454546
12,108,3,0.23846152
12,109,9,0.33888888
12,110,6,0.19375
12,111,9,0.355
13,1,5,0.44375
13,2,2,0.4625
13,3,2,0.25416666
13,4,3,0.35806453
13,5,3,0.305
13,6,9,0.32272726
13,7,9,0.3642857
13,8,9,0.37272727
13,9,6,0.6375
13,10,0,0.35882354
13,11,9,0.54230773
13,12,5,0.41
13,13,9,0.33888888
13,14,9,0.27307692
13,15,2,0.35882354
13,16,6,0.17608696
13,17,3,0.22500001
13,18,3,0.33703706
13,19,9,0.29285714
13,20,8,0.42
13,21,9,0.56666666
13,22,4,0.355
13,23,3,0.41764706
13,24,2,0.34444442
13,25,3,0.35882354
13,26,7,0.31875
13,27,0,0.23846152
13,28,8,0.6454545
13,29,1,0.29999998
13,30,4,0.40500003
13,31,9,0.2404762
13,32,1,0.22142856
13,33,9,0.26000002
13,34,3,0.28181818
13,35,3,0.4263158
13,36,4,0.35882354
13,37,4,0.24117647
13,38,8,0.38125
13,39,9,0.51
13,40,9,0.41
13,41,9,0.35882354
13,42,9,0.3642857
13,43,9,0.37272727
14,1,5,0.32105264
14,2,9,0.41
14,3,0,0.46923077
14,4,0,0.255
14,5,6,0.355
14,6,9,0.3115385
14,7,9,0.34166667
14,8,6,0.5083333
14,9,8,0.3
14,10,1,0.24482758
14,11,4,0.25625
14,12,0,0.22142856
14,13,9,0.3642857
14,14,9,0.7888889
14,15,0,0.34444442
14,16,2,0.29999998
14,17,2,0.34
14,18,2,0.29999998
14,19,2,0.3923077
14,20,9,0.7
14,21,0,0.2935484
14,22,9,0.26000002
14,23,3,0.56111115
14,24,9,0.3923077
14,25,8,0.55454546
14,26,3,0.47333333
14,27,7,0.25833333
14,28,9,0.51
14,29,3,0.8875
14,30,9,0.5083333
14,31,4,0.305
14,32,2,0.60400003
14,33,2,0.42499998
14,34,9,0.34
14,35,9,0.40666667
14,36,6,0.29285714
14,37,8,0.22173913
14,38,4,0.3153846
14,39,6,0.34
14,40,7,0.46363637
14,41,9,0.3875
14,42,3,0.23846152
14,43,4,0.31
14,44,0,0.33809525
14,45,4,0.3923077
14,46,7,0.40666667
14,47,0,0.5083333
14,48,6,0.3153846
14,49,5,0.35
14,50,3,0.7285714
14,51,4,0.2625
14,52,4,0.25833333
15,1,5,0.61
15,2,5,0.29999998
15,3,9,0.41
15,4,9,0.5857143
15,5,4,0.29999998
15,6,4,0.2625
15,7,4,0.42
15,8,4,0.51666665
15,9,9,0.51666665
15,10,4,0.5857143
15,11,1,0.2625
15,12,8,0.42
15,13,4,0.29999998
15,14,1,0.23333332
15,15,9,0.45555556
15,16,2,0.46363637
15,17,0,0.525
15,18,2,0.34444442
15,19,2,0.7583334
15,20,2,0.55454546
15,21,4,0.34444442
15,22,2,0.37272727
15,23,2,0.42
15,24,6,0.5857143
15,25,6,0.5857143
15,26,2,0.6454545
15,27,2,0.35
15,28,2,0.675
15,29,2,0.23333332
15,30,2,0.51666665
15,31,0,0.35
15,32,0,0.29999998
15,33,2,0.623077
15,34,0,0.275
15,35,3,0.775
15,36,3,0.51666665
15,37,3,0.775
15,38,3,0.275
15,39,0,0.2625
15,40,2,0.775
15,41,0,0.775
15,42,2,0.5857143
15,43,6,0.42
15,44,3,0.51666665
15,45,2,0.7285714
15,46,8,0.42
15,47,9,0.3923077
15,48,8,0.35
15,49,6,0.56666666
15,50,3,0.62
15,51,1,0.525
15,52,4,0.29999998
15,53,4,0.42499998
15,54,4,0.59166664
15,55,4,0.37272727
15,56,3,0.35
15,57,4,0.51666665
15,58,9,0.42
15,59,1,0.62
15,60,8,0.62
15,61,1,0.42
15,62,6,0.55
15,63,4,0.45555556
15,64,4,0.51666665
15,65,9,0.35882354
15,66,9,0.45555556
15,67,4,0.42
15,68,1,0.275
15,69,3,0.22
15,70,9,0.525
15,71,1,0.35
15,72,0,0.42
15,73,9,0.44285712
15,74,2,0.42
15,75,6,0.67777777
15,76,6,0.29999998
15,77,6,0.51666665
15,78,6,0.35
15,79,9,0.3875
15,80,0,0.29999998
15,81,6,0.29999998
15,82,5,0.6375
15,83,9,0.44285712
15,84,9,0.7
15,85,2,0.34166667
15,86,6,0.51666665
15,87,6,0.31
15,88,7,0.25625
15,89,4,0.42
15,90,4,0.22
15,91,9,0.525
15,92,9,0.62
15,93,7,0.55
15,94,4,0.56666666
15,95,1,0.42
15,96,5,0.42
15,97,6,0.3875
15,98,6,0.29999998
15,99,9,0.51666665
16,1,6,0.37272727
16,2,8,0.3923077
16,3,2,0.3875
16,4,4,0.44285712
16,5,8,0.46363637
16,6,4,0.29999998
16,7,6,0.29285714
16,8,2,0.3875
16,9,0,0.31
16,10,2,0.42499998
16,11,2,0.35882354
16,12,2,0.41764706
16,13,2,0.34
16,14,2,0.3736842
16,15,2,0.43571427
16,16,2,0.29999998
16,17,8,0.44285712
16,18,6,0.675
16,19,4,0.525
16,20,1,0.2625
16,21,2,0.51666665
16,22,4,0.34444442
16,23,4,0.44285712
16,24,5,0.34444442
16,25,1,0.35882354
16,26,5,0.35882354
16,27,3,0.50625
16,28,4,0.35882354
16,29,3,0.7583334
16,30,7,0.4263158
16,31,3,0.50625
16,32,2,0.37272727
16,33,4,0.56875
16,34,1,0.34444442
16,35,4,0.32105264
16,36,0,0.32105264
16,37,0,0.67777777
16,38,9,0.41
16,39,9,0.51666665
16,40,5,0.5857143
16,41,7,0.34166667
16,42,9,0.525
16,43,4,0.51
16,44,4,0.70000005
16,45,9,0.3642857
16,46,0,0.18333334
16,47,6,0.5125
16,48,2,0.3923077
16,49,2,0.59166664
16,50,9,0.42
16,51,6,0.3875
16,52,2,0.41
16,53,9,0.28181818
16,54,3,0.23333332
16,55,9,0.5125
16,56,4,0.3875
16,57,7,0.45555556
16,58,3,0.19090909
16,59,3,0.29285714
16,60,6,0.675
16,61,9,0.43913046
16,62,8,0.23846152
16,63,3,0.23846152
16,64,4,0.41
16,65,2,0.43571427
16,66,8,0.4263158
16,67,6,0.20666666
16,68,9,0.42499998
16,69,8,0.204
16,70,6,0.40666667
16,71,4,0.24285714
16,72,7,0.3857143
16,73,0,0.3153846
16,74,6,0.44285712
16,75,4,0.23461539
16,76,0,0.35000002
16,77,2,0.44375
16,78,5,0.3923077
16,79,9,0.45000002
16,80,5,0.46785715
16,81,5,0.25416666
16,82,0,0.35
16,83,9,0.51666665
16,84,1,0.19090909
16,85,9,0.41
16,86,6,0.56111115
16,87,9,0.3875
16,88,9,0.61
16,89,4,0.455
16,90,7,0.3736842
16,91,8,0.3923077
16,92,3,0.27
16,93,8,0.31875
16,94,7,0.32105264
16,95,9,0.37272727
16,96,7,0.40666667
16,97,7,0.64090914
16,98,0,0.34444442
16,99,9,0.775
16,100,9,0.51666665
16,101,9,0.54
16,102,9,0.5083333
16,103,1,0.35882354
16,104,9,0.31
16,105,9,0.71
16,106,9,0.555
16,107,7,0.41
16,108,5,0.3875
16,109,4,0.22
16,110,6,0.50714284
16,111,4,0.2625
16,112,4,0.32272726
16,113,4,0.23333332
16,114,4,0.31
16,115,8,0.6166667
16,116,9,0.50714284
16,117,9,0.44285712
16,118,4,0.51
16,119,6,0.50714284
16,120,1,0.5857143
16,121,0,0.34444442
16,122,7,0.3875
16,123,1,0.45555556
16,124,3,0.46923077
16,125,0,0.45909092
16,126,7,0.42499998
16,127,7,0.623077
16,128,3,0.22
17,1,5,0.255
17,2,4,0.28181818
17,3,4,0.29999998
17,4,6,0.33888888
17,5,1,0.19375
17,6,7,0.3923077
17,7,9,0.25416666
17,8,9,0.42499998
17,9,4,0.25625
17,10,3,0.51666665
17,11,9,0.61
17,12,3,0.21249999
17,13,5,0.27333334
17,14,4,0.45555556
17,15,0,0.32272726
17,16,9,0.4789474
17,17,6,0.29285714
17,18,8,0.35882354
17,19,7,0.34166667
17,20,9,0.3923077
17,21,7,0.5083333
17,22,0,0.15714286
17,23,7,0.57
17,24,7,0.29999998
17,25,6,0.45555556
17,26,7,0.28181818
17,27,0,0.5125
17,28,9,0.31
17,29,5,0.42499998
17,30,2,0.3923077
17,31,7,0.50714284
17,32,7,0.2625
17,33,7,0.29999998
17,34,7,0.3642857
17,35,9,0.3923077
17,36,5,0.31
17,37,2,0.28181818
17,38,9,0.62
17,39,9,0.3642857
17,40,7,0.50625
17,41,9,0.45555556
17,42,9,0.55454546
17,43,6,0.7625
17,44,2,0.4263158
17,45,7,0.31
17,46,5,0.33888888
17,47,4,0.23846152
17,48,0,0.34444442
17,49,5,0.46363637
17,50,9,0.42
17,51,5,0.24285714
17,52,3,0.23333332
17,53,9,0.34
17,54,9,0.42499998
17,55,9,0.34
17,56,8,0.31
17,57,9,0.3923077
17,58,9,0.5083333
17,59,4,0.19523808
17,60,9,0.505
17,61,2,0.81000006
17,62,4,0.35882354
17,63,8,0.3875
17,64,7,0.3857143
17,65,9,0.41
17,66,2,0.34166667
17,67,1,0.40666667
17,68,2,0.3923077
17,69,9,0.39444444
17,70,7,0.39444444
17,71,5,0.47333333
17,72,0,0.6375
17,73,0,0.21
17,74,5,0.29999998
17,75,0,0.23846152
17,76,9,0.623077
17,77,8,0.41
17,78,1,0.25833333
17,79,9,0.3642857
17,80,9,0.27333334
17,81,9,0.45555556
17,82,9,0.71
17,83,4,0.27333334
17,84,9,0.25833333
17,85,4,0.3923077
17,86,9,0.41
17,87,9,0.51666665
17,88,9,0.38125
17,89,8,0.34
17,90,2,0.5125
17,91,3,0.6454545
17,92,2,0.37272727
17,93,8,0.24285714
17,94,9,0.3642857
17,95,0,0.25833333
17,96,6,0.28181818
17,97,0,0.3903226
17,98,5,0.50625
17,99,2,0.35882354
17,100,9,0.54615384
17,101,4,0.305
17,102,6,0.26842105
17,103,0,0.2625
17,104,9,0.3642857
17,105,4,0.6454545
17,106,4,0.3923077
17,107,4,0.43571427
17,108,6,0.35
17,109,3,0.35
17,110,9,0.355
17,111,2,0.20666666
18,1,4,0.28181818
18,2,4,0.25625
18,3,3,0.775
18,4,8,0.51666665
18,5,9,0.22142856
18,6,4,0.45555556
18,7,7,0.25833333
18,8,2,0.3875
18,9,6,0.55454546
18,10,0,0.3923077
18,11,5,0.35
18,12,3,0.51
18,13,0,0.31
18,14,0,0.23846152
18,15,9,0.6454545
18,16,9,0.54
18,17,0,0.3060606
18,18,9,0.4269231
18,19,8,0.27872342
18,20,8,0.31
18,21,8,0.4269231
18,22,9,0.22903225
18,23,5,0.29999998
18,24,9,0.3642857
18,25,8,0.45555556
18,26,9,0.19615385
18,27,4,0.43571427
18,28,7,0.34827587
18,29,9,0.3060606
18,30,7,0.42499998
18,31,5,0.33636364
18,32,3,0.29047617
18,33,3,0.3153846
18,34,1,0.37272727
18,35,3,0.28181818
18,36,9,0.37272727
18,37,2,0.29999998
18,38,9,0.42
18,39,5,0.31875
18,40,2,0.29285714
18,41,2,0.62
18,42,1,0.205
18,43,9,0.44285712
18,44,7,0.28181818
18,45,2,0.5954546
18,46,7,0.69375
18,47,5,0.28181818
18,48,9,0.38125
18,49,9,0.455
18,50,9,0.23181818
18,51,2,0.34166667
18,52,5,0.37272727
18,53,9,0.34166667
18,54,2,0.29285714
18,55,4,0.35882354
18,56,4,0.255
18,57,5,0.27307692
18,58,9,0.56111115
18,59,9,0.7888889
18,60,8,0.31
18,61,0,0.23333332
18,62,2,0.25833333
18,63,9,0.255
18,64,7,0.51666665
18,65,4,0.29285714
18,66,4,0.31
18,67,0,0.42
18,68,0,0.29999998
18,69,7,0.35
18,70,4,0.6375
18,71,0,0.25833333
18,72,0,0.35
18,73,7,0.5125
18,74,7,0.6066667
18,75,8,0.29999998
18,76,4,0.34166667
18,77,8,0.3375
18,78,3,0.23333332
18,79,2,0.29999998
18,80,7,0.46923077
18,81,7,0.35
18,82,7,0.3903226
18,83,4,0.56666666
18,84,4,0.45555556
18,85,0,0.36666667
18,86,2,0.4263158
18,87,9,0.61
18,88,9,0.3923077
18,89,0,0.36666667
18,90,2,0.37272727
18,91,4,0.42
18,92,0,0.36666667
18,93,9,0.31
18,94,9,0.50714284
18,95,9,0.41
18,96,2,0.31875
18,97,0,0.42
18,98,9,0.3923077
18,99,9,0.3153846
18,100,3,0.35
18,101,5,0.44285712
18,102,3,0.23846152
18,103,9,0.56666666
18,104,7,0.41
18,105,9,0.3153846
18,106,5,0.28181818
18,107,9,0.45555556
18,108,3,0.42
18,109,9,0.45000002
18,110,9,0.27727273
19,2,9,0.35
19,3,9,0.62
19,4,9,0.46923077
19,5,8,0.37272727
19,6,9,0.34444442
19,7,4,0.47647062
19,8,7,0.51
19,9,9,0.34444442
19,10,9,0.47333333
19,11,4,0.46363637
19,12,4,0.41
19,13,7,0.2625
19,14,7,0.35
19,15,3,0.51
19,16,4,0.28181818
19,17,4,0.42499998
19,18,8,0.44285712
19,19,4,0.42499998
19,20,7,0.41
19,21,9,0.31
19,22,0,0.5857143
19,23,9,0.3153846
19,24,4,0.25833333
19,25,8,0.34166667
19,26,8,0.43571427
19,27,4,0.31
19,28,7,0.54615384
19,29,9,0.29999998
19,30,4,0.29999998
19,31,9,0.25833333
19,32,5,0.35
19,33,3,0.25833333
19,34,8,0.5857143
19,35,8,0.37272727
19,36,9,0.51666665
19,37,3,0.51
19,38,3,0.25833333
19,39,3,0.31
19,40,2,0.41
19,41,4,0.23333332
19,42,4,0.21
19,43,4,0.40666667
19,44,9,0.31
19,45,9,0.31
19,46,9,0.51
19,47,9,0.37272727
19,48,9,0.61
19,49,1,0.25833333
19,50,7,0.34444442
19,51,4,0.29999998
19,52,5,0.29999998
19,53,9,0.67777777
19,54,4,0.2625
19,55,7,0.5125
19,56,4,0.2625
19,57,7,0.525
19,58,4,0.36400002
19,59,0,0.31
19,60,1,0.23333332
19,61,6,0.25833333
19,62,4,0.28181818
19,63,2,0.29999998
19,64,9,0.44375
19,65,2,0.46363637
19,66,2,0.44285712
19,67,9,0.3875
19,68,9,0.46363637
19,69,6,0.2625
19,70,7,0.35
19,71,9,0.45555556
19,72,9,0.45555556
19,73,5,0.39444444
19,74,9,0.46363637
19,75,9,0.284
19,76,9,0.3923077
19,77,5,0.3875
19,78,6,0.34444442
19,79,3,0.23333332
19,80,4,0.35
19,81,7,0.36666667
19,82,0,0.5857143
19,83,6,0.31
19,84,4,0.29999998
19,85,3,0.2625
19,86,3,0.35
19,87,9,0.3875
19,88,6,0.42
19,89,6,0.42
19,90,2,0.675
19,91,6,0.42
19,92,6,0.35
19,93,2,0.31
19,94,6,0.44285712
19,95,4,0.44285712
19,96,1,0.23333332
19,97,4,0.34166667
19,98,8,0.34444442
21,1,9,0.7625
21,2,1,0.2625
21,3,9,0.40666667
21,4,6,0.31
21,5,4,0.35882354
21,6,9,0.87142855
21,7,4,0.56666666
21,8,7,0.5857143
21,9,8,0.6375
21,10,4,0.25833333
21,11,8,0.3875
21,12,9,0.5125
21,13,9,0.34166667
21,14,5,0.275
21,15,1,0.29999998
21,16,2,0.56666666
21,17,9,0.34166667
21,18,5,0.31
21,19,9,0.46363637
21,20,3,0.29999998
21,21,2,0.42
21,22,6,0.31
21,23,4,0.62
21,24,9,0.50714284
21,25,4,0.44285712
21,26,6,0.37272727
21,27,4,0.35
21,28,9,0.54615384
21,29,4,0.34444442
21,30,2,0.38125
21,31,2,0.40666667
21,32,5,0.23333332
21,33,2,0.7583334
21,34,8,0.29999998
21,35,9,0.31
21,36,9,0.38125
21,37,4,0.3153846
21,38,6,0.525
21,39,3,0.5083333
21,40,4,0.28181818
21,41,1,0.61
21,42,6,0.25833333
21,43,0,0.45555556
21,44,4,0.39444444
21,45,0,0.23333332
21,46,9,0.45555556
21,47,9,0.41764706
21,48,8,0.3875
21,49,9,0.45555556
21,50,8,0.29999998
21,51,6,0.3875
21,52,7,0.44285712
21,53,9,0.51666665
21,54,1,0.35
21,55,1,0.35
21,56,2,0.31
21,57,7,0.3875
21,58,2,0.3875
21,59,0,0.22
21,60,5,0.2625
21,61,4,0.275
21,62,1,0.22
21,63,4,0.29999998
21,64,4,0.42
21,65,9,0.51666665
21,66,4,0.6375
21,67,5,0.275
21,68,6,0.29999998
21,69,3,0.29999998
21,70,9,0.3875
21,71,1,0.29999998
21,72,1,0.31
21,73,7,0.35882354
21,74,9,0.3923077
21,75,3,0.35
21,76,9,0.45555556
21,77,5,0.34444442
21,78,3,0.25625
21,79,2,0.4263158
21,80,8,0.54615384
21,81,2,0.43571427
21,82,7,0.45555556
21,83,9,0.51
21,84,9,0.59166664
21,85,1,0.51666665
21,86,1,0.42
21,87,9,0.35882354
21,88,1,0.44285712
21,89,7,0.50714284
21,90,4,0.40666667
21,91,7,0.34444442
21,92,9,0.51666665
21,93,2,0.68333334
21,94,9,0.31
21,95,9,0.525
21,96,9,0.31
21,97,9,0.47647062
21,98,3,0.44285712
21,99,3,0.51666665
21,100,3,0.5857143
21,101,0,0.36666667
21,102,3,0.35
21,103,3,0.28181818
21,104,5,0.39444444
21,105,2,0.45555556
21,106,9,0.44285712
21,107,3,0.22
21,108,4,0.37272727
21,109,9,0.3923077
21,110,4,0.44285712
21,111,9,0.5857143
21,112,8,0.25833333
22,1,9,0.45555556
22,2,7,0.455
22,3,0,0.29999998
22,4,3,0.28181818
22,5,2,0.32884616
22,6,2,0.55454546
22,7,9,0.31
22,8,4,0.6375
22,9,3,0.34
22,10,2,0.2625
22,11,9,0.5352941
22,12,4,0.61
22,13,9,0.29285714
22,14,3,0.54615384
22,15,9,0.33809525
22,16,4,0.41
22,17,1,0.29285714
22,18,2,0.32500002
22,19,3,0.44375
22,20,5,0.42
22,21,9,0.7
22,22,3,0.37272727
22,23,3,0.43333334
22,24,0,0.41
22,25,7,0.3375
22,26,5,0.23846152
22,27,4,0.22142856
22,28,8,0.4809524
22,29,5,0.6066667
22,30,1,0.27727273
22,31,2,0.22142856
22,32,8,0.56666666
22,33,9,0.42499998
22,34,4,0.355
22,35,9,0.34
22,36,9,0.346875
22,37,8,0.39444444
22,38,9,0.51666665
22,39,6,0.34444442
22,40,6,0.253125
22,41,7,0.50625
22,42,5,0.51666665
22,43,1,0.42
22,44,9,0.54615384
22,45,3,0.3923077
22,46,0,0.29999998
22,47,9,0.40666667
22,48,9,0.61
22,49,9,0.45555556
22,50,1,0.44285712
22,51,5,0.31
22,52,8,0.33809525
22,53,9,0.27333334
22,54,6,0.28333333
22,55,3,0.25833333
22,56,3,0.29285714
22,57,5,0.34444442
22,58,7,0.34166667
22,59,6,0.5083333
22,60,6,0.47333333
22,61,3,0.55454546
22,62,6,0.73636365
22,63,2,0.34166667
22,64,2,0.42499998
22,65,2,0.30869564
22,66,6,0.34444442
22,67,0,0.33888888
22,68,6,0.42
22,69,3,0.68333334
22,70,6,0.34444442
22,71,9,0.51
22,72,5,0.35000002
22,73,0,0.3375
22,74,6,0.81000006
22,75,4,0.34444442
22,76,9,0.5125
22,77,7,0.41
22,78,7,0.27297297
24,1,4,0.28181818
24,2,7,0.3607143
24,3,7,0.68636364
24,4,7,0.33888888
24,5,6,0.7285714
24,6,8,0.28333333
24,7,3,0.35
24,8,8,0.3923077
24,9,8,0.35
24,10,6,0.51
24,11,9,0.3375
24,12,4,0.3153846
24,13,9,0.41
24,14,9,0.3923077
24,15,8,0.3923077
24,16,6,0.34444442
24,17,8,0.62
24,18,6,0.45555556
24,19,9,0.3642857
24,20,6,0.45555556
24,21,1,0.22903225
24,22,7,0.355
24,23,7,0.3923077
24,24,5,0.3875
24,25,6,0.51
24,26,7,0.7033333
24,27,8,0.31875
24,28,9,0.25625
24,29,4,0.25833333
24,30,9,0.29285714
24,31,7,0.38030303
24,32,7,0.3857143
24,33,8,0.39347827
24,34,4,0.3153846
24,35,3,0.30200002
24,36,9,0.29285714
24,37,7,0.40666667
24,38,8,0.34166667
24,39,8,0.23181818
24,40,5,0.3740741
24,41,2,0.505
24,42,2,0.7888889
24,43,5,0.5516129
24,44,3,0.34444442
24,45,2,0.32272726
24,46,4,0.34166667
24,47,0,0.45555556
24,48,0,0.31
24,49,4,0.51666665
24,50,9,0.63125
24,51,0,0.23846152
24,52,9,0.34444442
24,53,7,0.50714284
24,54,0,0.524
24,55,9,0.41111112
24,56,7,0.3875
24,57,3,0.42499998
24,58,9,0.2404762
24,59,4,0.22173913
24,60,7,0.4263158
24,61,7,0.38589743
24,62,8,0.39166668
24,63,9,0.2652174
24,64,2,0.39444444
25,1,4,0.37272727
25,2,2,0.63125
25,3,2,0.47647062
25,4,9,0.8272728
25,5,4,0.41
25,6,6,0.46363637
25,7,0,0.46923077
25,8,8,0.29999998
25,9,0,0.3875
25,10,3,0.4789474
25,11,3,0.623077
25,12,5,0.46363637
25,13,8,0.25833333
25,14,7,0.3875
25,15,9,0.37272727
25,16,8,0.34444442
25,17,0,0.34166667
25,18,9,0.24117647
25,19,9,0.46923077
25,20,0,0.26842105
25,21,4,0.3153846
25,22,4,0.34444442
25,23,5,0.34444442
25,24,3,0.34166667
25,25,2,0.61
25,26,9,0.31
25,27,0,0.19090909
25,28,0,0.44285712
25,29,0,0.37272727
25,30,9,0.56666666
25,31,0,0.46363637
25,32,4,0.59166664
25,33,4,0.51
25,34,3,0.46363637
25,35,9,0.34444442
25,36,5,0.61
25,37,9,0.3923077
25,38,9,0.35
25,39,2,0.34166667
25,40,9,0.3642857
25,41,5,0.56666666
25,42,0,0.31875
25,43,0,0.3875
25,44,0,0.34166667
25,45,9,0.38125
25,46,8,0.525
25,47,5,0.34166667
25,48,4,0.46923077
25,49,8,0.3153846
25,50,6,0.28181818
25,51,8,0.34444442
25,52,9,0.45555556
25,53,2,0.29285714
25,54,2,0.42499998
25,55,4,0.45555556
25,56,4,0.6375
25,57,8,0.5125
25,58,6,0.3923077
25,59,2,0.38125
25,60,9,0.38125
25,61,2,0.37272727
25,62,8,0.46363637
25,63,1,0.27333334
25,64,4,0.29999998
25,65,3,0.5857143
25,66,3,0.51666665
25,67,5,0.29999998
25,68,7,0.34166667
25,69,3,0.7888889
25,70,6,0.42499998
25,71,6,0.5125
25,72,1,0.5083333
25,73,0,0.34444442
25,74,2,0.21
25,75,7,0.37272727
25,76,3,0.5125
25,77,9,0.45555556
26,3,9,0.525
26,4,4,0.31
26,5,6,0.23333332
26,6,4,0.41
26,7,2,0.71
26,8,6,0.44285712
26,9,6,0.7888889
26,10,9,0.5857143
26,11,2,0.42
26,12,9,0.62
26,13,4,0.2625
26,14,7,0.525
26,15,5,0.3875
26,16,2,0.23333332
26,17,6,0.42
26,18,9,0.31
26,19,7,0.35
26,20,0,0.22
26,21,4,0.23846152
26,22,4,0.5857143
26,23,2,0.35
26,24,2,0.5125
26,25,9,0.525
26,26,1,0.42
26,27,0,0.29999998
26,28,2,0.7285714
26,29,9,0.34444442
26,30,4,0.62
26,31,4,0.275
26,32,9,0.3875
26,33,5,0.5857143
26,34,6,0.2625
26,35,8,0.35
26,36,8,0.29999998
26,37,4,0.62
26,38,9,0.35
26,39,3,0.36666667
26,40,4,0.525
26,41,4,0.37272727
26,42,9,0.775
26,43,8,0.62
26,44,2,0.3642857
26,45,9,0.56666666
26,46,2,0.275
26,47,3,0.525
26,48,9,0.775
26,49,5,0.32105264
26,50,9,0.775
26,51,8,0.5857143
26,52,2,0.23333332
26,53,2,0.44285712
26,54,9,0.525
26,55,5,0.36666667
26,56,6,0.42
26,57,2,0.82
26,58,7,0.35
26,59,6,0.35
26,60,2,0.42
26,61,6,0.31
26,62,0,0.525
26,63,2,0.41
26,64,9,0.42
26,65,0,0.275
26,66,4,0.275
26,67,6,0.44285712
26,68,6,0.7888889
26,69,4,0.525
26,70,9,0.525
26,71,9,0.3875
26,72,5,0.36666667
26,73,4,0.82
26,74,1,0.35
26,75,9,0.525
26,76,1,0.775
26,77,3,0.35
26,78,4,0.42
26,79,8,0.525
26,80,0,0.22
26,81,2,0.7
26,82,8,0.35
26,83,9,0.3875
26,84,7,0.35
26,85,4,0.29999998
26,86,0,0.22
26,87,3,0.62
26,88,7,0.51666665
26,89,7,0.275
26,90,3,0.275
26,91,5,0.42
26,92,1,0.29999998
26,93,0,0.51666665
26,94,0,0.42
26,95,2,0.82
26,96,3,0.7
26,97,6,0.42
26,98,3,0.775
26,99,0,0.22
26,100,2,0.275
26,101,0,0.525
26,102,9,0.775
26,103,6,0.44285712
26,104,6,0.7888889
26,105,9,0.42
26,106,9,0.525
26,107,8,0.42
26,108,1,0.275
26,109,8,0.56666666
26,110,0,0.275
26,111,9,0.35
26,112,9,0.62
26,113,9,0.42
26,114,0,0.36666667
26,115,4,0.42
26,116,9,0.44285712
26,117,9,0.62
26,118,3,0.51666665
26,119,2,0.35
26,120,8,0.36666667
26,121,6,0.44285712
26,122,6,0.7888889
26,123,0,0.36666667
26,124,9,0.525
26,125,8,0.42
26,126,0,0.275
26,127,8,0.56666666
26,128,3,0.29999998
26,129,7,0.44285712
26,130,0,0.18333334
26,131,0,0.275
26,132,4,0.42
26,133,4,0.29999998
26,134,2,0.42
26,135,3,0.51666665
26,136,8,0.34444442
26,137,4,0.36666667
26,138,3,0.55
26,139,9,0.45555556
26,140,6,0.7888889
26,141,5,0.525
26,142,1,0.275
26,143,8,0.42
26,144,0,0.275
26,145,8,0.56666666
26,146,3,0.42
26,147,2,0.42
26,148,3,0.44285712
26,149,5,0.81000006
26,150,0,0.275
26,151,8,0.51666665
26,152,7,0.35
26,153,8,0.42
26,154,6,0.2625
26,155,5,0.28181818
26,156,3,0.5125
26,157,7,0.36666667
26,158,9,0.45555556
26,159,6,0.7888889
26,160,1,0.42
26,161,1,0.275
26,162,8,0.42
26,163,0,0.275
26,164,8,0.51
26,165,7,0.35
26,166,8,0.5125
26,167,9,0.31
26,168,1,0.275
26,169,9,0.51666665
26,170,3,0.525
26,171,7,0.29999998
26,172,8,0.36666667
26,173,8,0.5125
26,174,6,0.44285712
26,175,6,0.7888889
26,176,0,0.42
26,177,6,0.525
26,178,8,0.42
26,179,0,0.275
26,180,8,0.56666666
26,181,8,0.35
26,182,9,0.525
26,183,9,0.6454545
26,184,4,0.51666665
26,185,8,0.42
26,186,9,0.41
26,187,2,0.44285712
26,188,9,0.42
26,189,3,0.51
26,190,6,0.44285712
26,191,6,0.7888889
26,192,3,0.35
26,193,4,0.775
26,194,8,0.68333334
26,195,1,0.525
26,196,4,0.51666665
26,197,9,0.35
26,198,1,0.29999998
26,199,4,0.42
26,200,8,0.42
26,201,3,0.35
26,202,9,0.62
26,203,3,0.275
26,204,8,0.42
26,205,4,0.35
26,206,4,0.36666667
26,207,9,0.68333334
26,208,4,0.35
26,209,0,0.51666665
26,210,0,0.35
26,211,0,0.275
26,212,6,0.525
26,213,3,0.51666665
26,214,8,0.62
26,215,8,0.62
26,216,9,0.35
26,217,6,0.68333334
26,218,0,0.36666667
26,219,2,0.42
26,220,6,0.84999996
26,221,4,0.3875
26,222,1,0.275
26,223,5,0.35
26,224,0,0.525
26,225,1,0.35
26,226,4,0.36666667
26,227,9,0.42499998
27,1,5,0.71
27,2,4,0.42
27,3,7,0.6375
27,4,9,0.41
27,5,9,0.3875
27,6,6,0.61
27,7,4,0.29285714
27,8,9,0.3642857
27,9,6,0.5857143
27,10,9,0.42083335
27,11,6,0.41
27,12,5,0.3736842
27,13,4,0.5857143
27,14,9,0.8272728
27,15,2,0.25625
27,16,4,0.27333334
27,17,2,0.51
27,18,2,0.47333333
27,19,4,0.204
27,20,1,0.2625
27,21,4,0.41
27,22,4,0.42499998
27,23,9,0.34444442
27,24,9,0.43571427
27,25,2,0.34444442
27,26,2,0.275
27,27,1,0.22
27,28,9,0.44285712
27,29,4,0.3875
27,30,6,0.56666666
27,31,4,0.56666666
27,32,9,0.41
27,33,9,0.55454546
27,34,9,0.29285714
27,35,4,0.5857143
27,36,4,0.57857144
27,37,9,0.3153846
27,38,4,0.41
27,39,6,0.3642857
27,40,8,0.33636364
27,41,6,0.44285712
27,42,4,0.54615384
27,43,9,0.5857143
27,44,9,0.28928572
27,45,9,0.3642857
27,46,9,0.61
27,47,1,0.31
27,48,7,0.37272727
27,49,3,0.20666666
27,50,7,0.5125
27,51,9,0.5857143
27,52,6,0.42499998
27,53,1,0.22
27,54,9,0.5125
27,55,7,0.56666666
27,56,9,0.28181818
27,57,8,0.5857143
27,58,8,0.5125
27,59,2,0.46923077
27,60,2,0.43913046
27,61,3,0.2652174
27,62,5,0.24117647
27,63,2,0.28333333
27,64,2,0.35882354
27,65,2,0.37272727
27,66,9,0.41
27,67,1,0.2625
27,68,4,0.37272727
27,69,9,0.44285712
27,70,7,0.56666666
27,71,6,0.42
27,72,9,0.44285712
27,73,4,0.21
27,74,4,0.51666665
27,75,2,0.5125
27,76,9,0.5125
27,77,6,0.35
27,78,6,0.56666666
27,79,9,0.35
27,80,0,0.41
27,81,0,0.43571427
27,82,2,0.3923077
27,83,5,0.34444442
27,84,5,0.37272727
27,85,9,0.51666665
27,86,9,0.3642857
27,87,2,0.27333334
27,88,2,0.28333333
27,89,4,0.25833333
27,90,4,0.28181818
27,91,9,0.46363637
27,92,8,0.29999998
27,93,6,0.34166667
28,2,4,0.42
28,3,9,0.37272727
28,4,7,0.3375
28,5,5,0.31
28,6,2,0.54615384
28,7,7,0.355
28,8,2,0.623077
28,9,9,0.35882354
28,10,8,0.25833333
28,11,1,0.34444442
28,12,7,0.47647062
28,13,6,0.28181818
28,14,4,0.3923077
28,15,8,0.23823531
28,16,6,0.54615384
28,17,4,0.3875
28,18,8,0.255
28,19,7,0.35217392
28,20,7,0.255
28,21,9,0.55454546
28,22,9,0.46363637
28,23,7,0.31379312
28,24,9,0.3642857
28,25,8,0.3115385
28,26,7,0.46923077
28,27,7,0.4826087
28,28,8,0.42499998
28,29,3,0.244
28,30,3,0.40666667
28,31,9,0.33809525
28,32,5,0.40500003
28,33,7,0.35
28,34,9,0.3153846
28,35,4,0.3153846
28,36,4,0.3153846
28,37,9,0.54
28,38,9,0.324
28,39,2,0.45555556
28,40,9,0.45555556
28,41,3,0.3875
28,42,3,0.3875
28,43,9,0.34
28,44,4,0.34444442
28,45,9,0.28333333
28,46,9,0.3736842
28,47,8,0.27333334
28,48,4,0.47647062
28,49,4,0.25833333
28,50,0,0.35882354
28,51,6,0.2625
28,52,4,0.51666665
28,53,4,0.29999998
28,54,4,0.3153846
28,55,1,0.31875
28,56,0,0.59166664
28,57,9,0.30869564
28,58,9,0.63125
28,59,9,0.53157896
28,60,4,0.28181818
28,61,4,0.29999998
28,62,5,0.2625
28,63,0,0.31875
28,64,0,0.23846152
28,65,0,0.42
28,66,2,0.2625
28,67,1,0.31
28,68,6,0.3642857
28,69,4,0.51666665
28,70,2,0.37272727
28,71,3,0.19375
28,72,3,0.29999998
28,73,3,0.3642857
28,74,5,0.2625
28,75,9,0.47333333
28,76,7,0.33703706
28,77,7,0.45909092
28,78,9,0.43333334
28,79,7,0.38125
28,80,4,0.25833333
28,81,0,0.3153846
28,82,0,0.27727273
28,83,9,0.42499998
28,84,7,0.41764706
28,85,0,0.33888888
28,86,4,0.29285714
28,87,5,0.32105264
28,88,9,0.43571427
29,2,9,0.51666665
29,3,6,0.45555556
29,4,4,0.2625
29,5,6,0.41
29,6,6,0.23846152
29,7,1,0.46363637
29,8,7,0.45000002
29,9,1,0.51666665
29,10,9,0.40500003
29,11,6,0.42
29,12,1,0.35882354
29,13,1,0.4263158
29,14,9,0.3736842
29,15,3,0.45555556
29,16,9,0.3875
29,17,9,0.45000002
29,18,4,0.41
29,19,2,0.51666665
29,20,2,0.43571427
29,21,8,0.45555556
29,22,0,0.5083333
29,23,3,0.37272727
29,24,9,0.3642857
29,25,7,0.23461539
29,26,6,0.55454546
29,27,4,0.33888888
29,28,1,0.16153845
29,29,9,0.26842105
29,30,9,0.6375
29,31,4,0.5083333
29,32,8,0.50714284
29,33,4,0.21578947
29,34,9,0.45555556
29,35,6,0.34444442
29,36,9,0.41764706
29,37,3,0.56666666
29,38,9,0.40666667
29,39,4,0.44375
29,40,9,0.36400002
29,41,0,0.35882354
29,42,6,0.7625
29,43,8,0.29999998
29,44,2,0.31
29,45,7,0.40666667
29,46,4,0.35882354
29,47,4,0.53157896
29,48,4,0.34166667
29,49,4,0.3923077
29,50,8,0.34
29,51,4,0.34166667
29,52,9,0.623077
29,53,9,0.44375
29,54,9,0.34444442
29,55,3,0.45555556
29,56,2,0.5125
29,57,2,0.42
29,58,3,0.5285714
29,59,9,0.525
29,60,4,0.31875
29,61,2,0.59166664
29,62,2,0.55454546
29,63,2,0.54
29,64,7,0.3153846
29,65,9,0.29285714
29,66,9,0.51
29,67,9,0.29999998
29,68,9,0.3642857
29,69,0,0.34166667
30,2,7,0.275
30,3,9,0.42
30,4,8,0.3875
30,5,6,0.45555556
30,6,8,0.44285712
30,7,7,0.7285714
30,8,9,0.29999998
30,9,4,0.244
30,10,1,0.25833333
30,11,2,0.62
30,12,3,0.6375
30,13,1,0.37272727
30,14,3,0.3875
30,15,1,0.29999998
30,16,9,0.37272727
30,17,9,0.44285712
30,18,2,0.37272727
30,19,2,0.8416667
30,20,2,0.34444442
30,21,6,0.324
30,22,6,0.38125
30,23,6,0.39444444
30,24,6,0.32272726
30,25,5,0.43571427
30,26,2,0.67777777
30,27,6,0.5352941
30,28,9,0.43214288
30,29,0,0.40666667
30,30,9,0.31875
30,31,7,0.3875
30,32,3,0.31
30,33,9,0.50625
30,34,4,0.3875
30,35,4,0.44285712
30,36,1,0.20666666
30,37,9,0.34
30,38,7,0.42499998
30,39,9,0.38125
30,40,6,0.40666667
30,41,9,0.623077
30,42,9,0.6375
30,43,3,0.46363637
30,44,4,0.25833333
30,45,1,0.23333332
30,46,9,0.28333333
30,47,4,0.33888888
30,48,2,0.404
30,49,6,0.2625
30,50,2,0.63125
30,51,2,0.23333332
30,52,0,0.41
30,53,0,0.43571427
30,54,2,0.355
30,55,3,0.31
30,56,3,0.3642857
30,57,4,0.34444442
30,58,9,0.35882354
30,59,4,0.42
30,60,7,0.3875
31,2,4,0.35
31,3,9,0.42
31,4,7,0.6375
31,5,9,0.35
31,6,0,0.29285714
31,7,5,0.36818182
31,8,3,0.23333332
31,9,6,0.56666666
31,10,2,0.72400004
31,11,4,0.25833333
31,12,6,0.39444444
31,13,6,0.3923077
31,14,7,0.47647062
31,15,7,0.43333334
31,16,9,0.29999998
31,17,7,0.6066667
31,18,7,0.3153846
31,19,9,0.28181818
31,20,2,0.18636364
31,21,1,0.205
31,22,8,0.3153846
31,23,9,0.35882354
31,24,9,0.6375
31,25,2,0.34166667
31,26,2,0.61
31,27,6,0.28333333
31,28,6,0.31
31,29,2,0.355
31,30,6,0.55454546
31,31,2,0.22777778
31,32,5,0.21785714
31,33,7,0.38275865
31,34,6,0.3791667
32,2,3,0.3875
32,3,9,0.32105264
32,4,2,0.455
32,5,6,0.7625
32,6,2,0.7625
32,7,5,0.44285712
32,8,5,0.46923077
32,9,9,0.46363637
32,10,2,0.5125
32,11,9,0.40666667
32,12,0,0.20666666
32,13,3,0.3923077
32,14,5,0.27333334
32,15,9,0.34
32,16,7,0.31
32,17,0,0.42
32,18,1,0.27333334
32,19,3,0.39444444
32,20,9,0.6375
32,21,8,0.25833333
32,22,6,0.34
32,23,5,0.42499998
32,24,3,0.6375
32,25,9,0.34
32,26,2,0.4263158
32,27,4,0.42
32,28,9,0.51
32,29,3,0.525
33,1,6,0.42499998
33,2,4,0.2625
33,3,9,0.525
33,4,8,0.3857143
33,5,1,0.25416666
33,6,7,0.33703706
33,7,8,0.57857144
33,8,3,0.3875
33,9,2,0.355
33,10,4,0.25833333
33,11,2,0.29999998
33,12,7,0.28181818
33,13,9,0.55
33,14,8,0.29285714
33,15,8,0.34444442
33,16,9,0.6454545
33,17,0,0.29285714
33,18,0,0.37272727
33,19,1,0.32500002
33,20,9,0.284
33,21,6,0.34166667
33,22,9,0.27333334
33,23,8,0.46363637
33,24,6,0.65000004
33,25,6,0.25625
33,26,9,0.34
33,27,2,0.29285714
33,28,8,0.35882354
33,29,7,0.28181818
33,30,3,0.19375
33,31,0,0.17222221
33,32,5,0.37272727
33,33,7,0.7404762
33,34,8,0.39444444
33,35,8,0.4236842
33,36,9,0.34166667
33,37,9,0.5083333
33,38,4,0.19090909
33,39,9,0.5857143
33,40,4,0.42
33,41,6,0.29285714
33,42,7,0.34444442
33,43,4,0.51
33,44,0,0.42
33,45,4,0.44285712
33,46,9,0.41
33,47,8,0.4136364
33,48,7,0.44264707
33,49,8,0.38275865
33,50,7,0.45000002
33,51,8,0.34318182
33,52,4,0.35
33,53,7,0.690625
33,54,1,0.3923077
33,55,3,0.45555556
33,56,9,0.37272727
33,57,8,0.35217392
33,58,9,0.34166667
33,59,5,0.23333332
33,60,8,0.5857143
33,61,9,0.40666667
33,62,3,0.525
33,63,0,0.2625
33,64,0,0.46363637
33,65,0,0.44285712
33,66,3,0.45555556
33,67,9,0.43571427
33,68,9,0.44285712
33,69,1,0.3642857
33,70,1,0.33888888
33,71,7,0.505
34,1,6,0.47333333
34,2,6,0.40666667
34,3,9,0.32500002
34,4,1,0.28181818
34,5,3,0.28181818
34,6,4,0.34
34,7,5,0.29999998
34,8,9,0.55454546
34,9,2,0.45909092
34,10,2,0.26842105
34,11,7,0.29285714
34,12,9,0.253125
34,13,8,0.46785715
34,14,9,0.26842105
34,15,3,0.29047617
34,16,3,0.29999998
34,17,9,0.3875
34,18,9,0.45000002
34,19,0,0.33809525
34,20,6,0.31
34,21,0,0.27333334
34,22,2,0.3642857
34,23,9,0.43333334
34,24,2,0.31875
34,25,8,0.55454546
34,26,9,0.42499998
34,27,6,0.54615384
34,28,4,0.46923077
34,29,6,0.525
34,30,9,0.37272727
34,31,9,0.58750004
34,32,4,0.29285714
34,33,5,0.26296297
34,34,4,0.28181818
34,35,7,0.42
34,36,2,0.37272727
34,37,7,0.30869564
34,38,5,0.29999998
34,39,2,0.39444444
34,40,4,0.29999998
34,41,9,0.29285714
34,42,9,0.31875
34,43,9,0.35000002
34,44,4,0.45555556
34,45,4,0.25833333
34,46,8,0.25416666
34,47,8,0.31
34,48,6,0.41
34,49,2,0.29999998
34,50,0,0.29999998
34,51,9,0.41
34,52,9,0.56666666
34,53,6,0.44285712
34,54,4,0.31
35,1,2,0.5954546
35,2,6,0.29999998
35,3,2,0.27333334
35,4,0,0.23333332
35,5,7,0.47333333
35,6,0,0.46363637
35,7,9,0.51
35,8,9,0.27307692
35,9,2,0.6529412
35,10,9,0.29583332
35,11,2,0.33809525
35,12,2,0.404
35,13,2,0.404
35,14,4,0.29999998
35,15,6,0.45555556
35,16,9,0.29999998
35,17,9,0.7
35,18,1,0.19677418
35,19,0,0.42
35,20,3,0.62
35,21,2,0.275
35,22,0,0.25833333
35,23,8,0.51666665
35,24,4,0.6166667
35,25,4,0.54
35,26,9,0.62
35,27,2,0.564
35,28,2,0.355
35,29,4,0.5842106
35,30,6,0.34444442
35,31,6,0.39444444
35,32,2,0.22777778
35,33,5,0.46923077
35,34,6,0.55454546
35,35,3,0.6375
35,36,3,0.46363637
35,37,8,0.35000002
35,38,6,0.41
35,39,9,0.64090914
35,40,4,0.25357142
35,41,8,0.34
35,42,4,0.26842105
35,43,9,0.35217392
35,44,9,0.3857143
35,45,9,0.29583332
36,2,4,0.275
36,3,0,0.29999998
36,4,0,0.525
36,5,6,0.68333334
36,6,4,0.31
36,7,9,0.44285712
36,8,5,0.68333334
36,9,9,0.3875
36,10,0,0.29999998
36,11,8,0.34
36,12,2,0.3153846
36,13,9,0.44285712
36,14,4,0.41
36,15,9,0.41
36,16,6,0.51666665
36,17,4,0.35
36,18,1,0.28181818
36,19,8,0.34444442
36,20,8,0.25833333
36,21,8,0.44285712
36,22,2,0.51666665
36,23,0,0.31875
36,24,9,0.42
36,25,9,0.525
36,26,8,0.35
36,27,9,0.3875
36,28,5,0.35
36,29,1,0.25833333
36,30,6,0.35
36,31,9,0.51666665
36,32,2,0.41
36,33,3,0.37272727
36,34,8,0.6375
36,35,2,0.43571427
36,36,3,0.3875
36,37,6,0.28181818
36,38,2,0.37272727
36,39,2,0.623077
36,40,2,0.44285712
36,41,2,0.82
36,42,9,0.35
36,43,9,0.5125
36,44,9,0.7888889
36,45,6,0.29999998
36,46,4,0.305
36,47,6,0.525
36,48,9,0.44285712
36,49,9,0.42
36,50,5,0.45555556
36,51,5,0.25833333
36,52,5,0.51666665
36,53,0,0.31
36,54,3,0.5125
36,55,9,0.51
36,56,8,0.82
36,57,1,0.51666665
36,58,3,0.42
36,59,7,0.3642857
36,60,0,0.42
36,61,6,0.35
36,62,3,0.42
36,63,3,0.62
36,64,4,0.21
36,65,9,0.42499998
36,66,0,0.23846152
36,67,8,0.41
36,68,8,0.37272727
36,69,8,0.35
36,70,8,0.41
36,71,9,0.3875
36,72,8,0.5857143
36,73,9,0.42
36,74,8,0.29999998
36,75,4,0.34444442
36,76,9,0.55454546
36,77,5,0.34166667
36,78,2,0.41
36,79,3,0.34444442
36,80,2,0.38125
36,81,5,0.35
36,82,2,0.5125
37,1,2,0.775
37,2,7,0.55
37,3,4,0.36666667
37,4,6,0.62
37,5,2,0.45555556
37,6,2,0.5857143
37,7,8,0.42
37,8,2,0.68333334
37,9,3,0.42
37,10,5,0.3875
37,11,2,0.51
37,12,9,0.42
37,13,8,0.62
37,14,5,0.42
37,15,4,0.525
37,16,5,0.34444442
37,17,1,0.525
37,18,3,0.36666667
37,19,5,0.5857143
37,20,3,0.68333334
37,21,3,0.42
37,22,9,0.5857143
37,23,0,0.525
37,24,4,0.36666667
37,25,0,0.7
37,26,3,0.275
37,27,9,0.44285712
37,28,5,0.35
37,29,9,0.62
37,30,9,0.45555556
37,31,3,0.29999998
37,32,0,0.525
37,33,3,0.84999996
37,34,1,0.22
37,35,5,0.34444442
37,36,0,0.35
37,37,4,0.29999998
37,38,3,0.775
37,39,7,0.525
37,40,2,0.775
37,41,4,0.42
37,42,8,0.775
37,43,3,0.42
37,44,1,0.35
37,45,2,0.82
37,46,3,0.18333334
37,47,4,0.51666665
37,48,9,0.44285712
37,49,1,0.22
37,50,1,0.3875
37,51,8,0.44285712
37,52,6,0.36666667
37,53,5,0.31
37,54,5,0.36666667
37,55,5,0.84999996
37,56,5,0.7
37,57,9,0.29999998
37,58,2,0.55
37,59,2,0.275
37,60,3,0.42
37,61,1,0.35
37,62,3,0.51666665
37,63,3,0.275
37,64,5,0.62
37,65,9,0.42
37,66,8,0.34444442
37,67,2,0.42
37,68,5,0.36666667
37,69,1,0.35
37,70,1,0.42
37,71,6,0.35
37,72,4,0.44285712
37,73,9,0.42
37,74,2,0.775
37,75,9,0.51
37,76,1,0.62
37,77,8,0.525
37,78,3,0.35
37,79,4,0.35
37,80,2,0.42
37,81,8,0.36666667
37,82,3,0.525
37,83,4,0.42
37,84,9,0.525
37,85,9,0.525
37,86,3,0.525
37,87,2,0.35
37,88,9,0.55
37,89,0,0.275
37,90,1,0.35
37,91,9,0.55
37,92,5,0.42
37,93,4,0.525
37,94,7,0.42
37,95,2,0.42
37,96,3,0.5857143
37,97,7,0.62
37,98,9,0.42
37,99,4,0.35
37,100,4,0.5125
37,101,7,0.32272726
37,102,4,0.34444442
37,103,1,0.275
37,104,4,0.3875
37,105,6,0.42
37,106,0,0.22
37,107,8,0.525
37,108,1,0.62
37,109,4,0.35
37,110,2,0.42
37,111,4,0.34444442
37,112,4,0.41764706
37,113,4,0.29999998
37,114,1,0.35
37,115,0,0.275
37,116,4,0.62
37,117,0,0.42
37,118,4,0.275
37,119,1,0.35
37,120,4,0.35
37,121,2,0.35
37,122,1,0.35
37,123,8,0.36666667
37,124,7,0.29999998
37,125,1,0.42
37,126,5,0.7
37,127,2,0.525
37,128,8,0.525
37,129,1,0.51666665
37,130,4,0.35
37,131,2,0.42
37,132,1,0.35
37,133,1,0.7
37,134,7,0.29999998
37,135,8,0.36666667
37,136,6,0.51666665
37,137,3,0.275
37,138,6,0.35
37,139,2,0.42
37,140,8,0.62
37,141,9,0.68333334
37,142,3,0.275
37,143,5,0.29999998
37,144,2,0.44285712
37,145,2,0.68333334
37,146,8,0.525
37,147,4,0.29999998
37,148,7,0.6454545
37,149,4,0.44285712
37,150,6,0.42
37,151,6,0.42
37,152,7,0.90000004
37,153,7,0.36666667
37,154,8,0.525
37,155,4,0.775
37,156,4,0.525
37,157,3,0.45555556
37,158,6,0.775
37,159,2,0.525
37,160,9,0.55
37,161,0,0.55
37,162,5,0.36666667
37,163,2,0.35
37,164,5,0.22
37,165,6,0.51666665
37,166,6,0.7
37,167,9,0.44285712
37,168,2,0.62
37,169,4,0.62
37,170,2,0.2625
37,171,9,0.42
37,172,2,0.35
37,173,0,0.275
37,174,5,0.775
37,175,8,0.42
37,176,1,0.2625
37,177,0,0.275
37,178,5,0.775
37,179,6,0.44285712
37,180,1,0.775
37,181,2,0.42
38,1,8,0.42
38,2,9,0.525
38,3,8,0.67777777
38,4,4,0.41
38,5,6,0.35
38,6,9,0.31
38,7,4,0.2625
38,8,4,0.2625
38,9,6,0.34444442
38,10,2,0.28181818
38,11,2,0.3875
38,12,9,0.5125
38,13,3,0.34444442
38,14,2,0.23333332
38,15,5,0.42
38,16,9,0.68333334
38,17,8,0.34444442
38,18,2,0.34444442
38,19,2,0.56666666
38,20,8,0.34444442
38,21,4,0.44285712
38,22,9,0.36818182
38,23,8,0.3923077
38,24,9,0.253125
38,25,9,0.56666666
38,26,0,0.29583332
38,27,2,0.23846152
38,28,9,0.29285714
38,29,4,0.3153846
38,30,2,0.2625
38,31,4,0.5857143
38,32,7,0.41
38,33,5,0.6375
38,34,6,0.41
38,35,4,0.23846152
38,36,2,0.34444442
38,37,0,0.29999998
38,38,5,0.36666667
38,39,4,0.35
38,40,9,0.68333334
38,41,0,0.21
38,42,5,0.3875
38,43,8,0.45555556
38,44,7,0.45000002
38,45,1,0.34444442
38,46,4,0.2625
38,47,6,0.29999998
38,48,1,0.45555556
38,49,6,0.29999998
38,50,3,0.68333334
38,51,8,0.5857143
38,52,7,0.35
38,53,3,0.35
38,54,6,0.35
38,55,3,0.3875
38,56,3,0.8875
38,57,2,0.3875
38,58,2,0.275
38,59,3,0.5083333
38,60,3,0.40666667
38,61,3,0.51
38,62,5,0.42
38,63,5,0.44285712
38,64,3,0.44285712
38,65,6,0.31
38,66,6,0.45555556
38,67,9,0.525
38,68,0,0.36666667
38,69,6,0.44285712
38,70,4,0.45555556
38,71,2,0.51666665
38,72,2,0.41
38,73,2,0.51666665
38,74,4,0.29999998
38,75,2,0.22142856
38,76,2,0.44285712
38,77,0,0.275
38,78,3,0.51666665
38,79,3,0.51666665
38,80,3,0.775
38,81,3,0.275
38,82,0,0.275
38,83,2,0.775
38,84,6,0.42
38,85,4,0.35
38,86,8,0.61
38,87,3,0.42
38,88,4,0.275
39,1,6,0.5857143
39,2,4,0.3875
39,3,9,0.33888888
39,4,6,0.40666667
39,5,2,0.33703706
39,6,7,0.284
39,7,9,0.25416666
39,8,1,0.25357142
39,9,9,0.33809525
39,10,9,0.32105264
39,11,9,0.51666665
39,12,4,0.42
39,13,9,0.6375
39,14,9,0.42
39,15,4,0.29285714
39,16,2,0.5842106
39,17,4,0.46363637
39,18,0,0.19090909
39,19,3,0.3875
39,20,3,0.5352941
39,21,2,0.47
39,22,8,0.34
39,23,8,0.24482758
39,24,3,0.42499998
39,25,5,0.35
39,26,9,0.41
39,27,9,0.37272727
39,28,1,0.35
39,29,2,0.305
39,30,2,0.775
39,31,3,0.2625
39,32,9,0.47333333
39,33,6,0.35
39,34,9,0.3875
39,35,7,0.37272727
39,36,9,0.34
39,37,6,0.31
39,38,9,0.3903226
39,39,9,0.7888889
39,40,3,0.3875
39,41,0,0.4263158
39,42,8,0.4136364
39,43,0,0.22
39,44,2,0.71
39,45,9,0.42499998
39,46,2,0.40666667
39,47,3,0.26842105
39,48,9,0.31
39,49,4,0.28333333
39,50,9,0.51666665
39,51,9,0.7583334
39,52,6,0.34
39,53,6,0.24285714
39,54,4,0.34166667
39,55,8,0.25833333
39,56,8,0.3875
39,57,8,0.35
39,58,4,0.34166667
39,59,3,0.59166664
39,60,3,0.29999998
39,61,2,0.5857143
39,62,2,0.34166667
39,63,9,0.51666665
39,64,4,0.3153846
39,65,8,0.42
39,66,6,0.26842105
39,67,2,0.5083333
39,68,4,0.27333334
39,69,7,0.41
39,70,3,0.22903225
39,71,3,0.70000005
39,72,3,0.4263158
39,73,2,0.19375
39,74,2,0.31875
40,2,6,0.5857143
40,3,6,0.25833333
40,4,9,0.23846152
40,5,9,0.28333333
40,6,9,0.34444442
40,7,9,0.27307692
40,8,6,0.31875
40,9,0,0.25833333
40,10,1,0.25833333
40,11,5,0.22142856
40,12,6,0.47333333
40,13,2,0.23846152
40,14,9,0.35
40,15,2,0.20666666
40,16,2,0.19375
40,17,9,0.34166667
40,18,8,0.33888888
40,19,4,0.35
40,20,6,0.28181818
40,21,9,0.3642857
40,22,4,0.34
40,23,4,0.34444442
40,24,2,0.3875
40,25,7,0.4136364
40,26,9,0.27333334
40,27,9,0.51
40,28,8,0.2394737
40,29,9,0.27727273
40,30,9,0.45555556
40,31,9,0.31
40,32,9,0.3875
40,33,0,0.27333334
40,34,8,0.3740741
40,35,9,0.35882354
40,36,3,0.34166667
40,37,9,0.21034482
40,38,9,0.34444442
40,39,9,0.51
40,40,7,0.4826087
40,41,9,0.3875
40,42,6,0.43571427
40,43,0,0.25625
40,44,4,0.28181818
40,45,9,0.29285714
40,46,3,0.27333334
40,47,8,0.27333334
40,48,3,0.28181818
40,49,3,0.42499998
40,50,1,0.28333333
40,51,0,0.31
40,52,3,0.51
40,53,6,0.41
40,54,8,0.42
40,55,6,0.3153846
40,56,4,0.24117647
40,57,2,0.41
40,58,0,0.22142856
40,59,9,0.41
40,60,9,0.40666667
40,61,3,0.24117647
40,62,2,0.29999998
40,63,3,0.29999998
40,64,2,0.27727273
40,65,2,0.25833333
40,66,4,0.34
40,67,2,0.4263158
40,68,2,0.25833333
40,69,5,0.29999998
40,70,4,0.45555556
40,71,5,0.51666665
40,72,2,0.42
40,73,1,0.44285712
40,74,9,0.46363637
40,75,7,0.3875
40,76,3,0.8272728
40,77,9,0.29285714
40,78,4,0.27307692
40,79,8,0.41
40,80,2,0.29285714
40,81,6,0.45555556
40,82,9,0.43571427
40,83,4,0.3642857
40,84,9,0.3875
40,85,9,0.37272727
41,2,6,0.68333334
41,3,5,0.41
41,4,4,0.3875
41,5,5,0.25833333
41,6,6,0.34
41,7,7,0.51666665
41,8,7,0.3875
41,9,9,0.23846152
41,10,8,0.50714284
41,11,2,0.29285714
41,12,2,0.3791667
41,13,9,0.5125
41,14,9,0.34
41,15,9,0.45000002
41,16,3,0.29999998
41,17,0,0.23846152
41,18,3,0.22
41,19,3,0.6375
41,20,5,0.44285712
41,21,9,0.33888888
41,22,5,0.25833333
41,23,9,0.3875
41,24,8,0.55454546
41,25,9,0.22777778
41,26,9,0.45555556
41,27,9,0.42499998
41,28,3,0.34
41,29,3,0.29999998
41,30,4,0.46923077
41,31,7,0.37272727
41,32,6,0.68333334
41,33,7,0.34444442
41,34,9,0.3642857
41,35,4,0.35
41,36,6,0.71
41,37,2,0.44375
41,38,4,0.34166667
41,39,2,0.62916666
41,40,4,0.21578947
41,41,4,0.51666665
41,42,6,0.3642857
41,43,9,0.25833333
41,44,9,0.31379312
41,45,9,0.355
41,46,0,0.22777778
41,47,9,0.5857143
41,48,9,0.25833333
41,49,9,0.404
41,50,1,0.3153846
41,51,0,0.28181818
41,52,4,0.20666666
41,53,9,0.3875
42,3,4,0.51
42,4,2,0.46923077
42,5,2,0.4136364
42,6,0,0.5125
42,7,3,0.244
42,8,9,0.38125
42,9,2,0.3642857
42,10,9,0.51666665
42,11,2,0.36400002
42,12,2,0.57857144
42,13,7,0.244
42,14,9,0.26296297
42,15,9,0.43913046
42,16,9,0.42499998
42,17,9,0.41
42,18,9,0.355
42,19,6,0.3153846
42,20,7,0.305
42,21,9,0.39444444
42,22,9,0.35882354
42,23,8,0.19615385
42,24,6,0.305
42,25,2,0.28181818
42,26,9,0.55454546
42,27,2,0.40500003
42,28,6,0.3923077
42,29,2,0.5352941
42,30,9,0.29999998
42,31,0,0.2625
42,32,2,0.67777777
42,33,8,0.27333334
42,34,2,0.35
42,35,6,0.5125
42,36,9,0.46923077
42,37,1,0.3923077
42,38,7,0.37272727
42,39,9,0.35
42,40,7,0.42499998
42,41,9,0.6375
42,42,9,0.59166664
42,43,7,0.44285712
42,44,0,0.3923077
42,45,9,0.3956522
42,46,0,0.56666666
42,47,4,0.28181818
42,48,9,0.45909092
42,49,2,0.32105264
42,50,7,0.3923077
42,51,6,0.26842105
42,52,4,0.22592592
42,53,2,0.5083333
43,2,4,0.7
43,3,1,0.35
43,4,6,0.37272727
43,5,8,0.5857143
43,6,4,0.5857143
43,7,1,0.3875
43,8,4,0.3875
43,9,2,0.3642857
43,10,0,0.23846152
43,11,2,0.73636365
43,12,2,0.59166664
43,13,9,0.28333333
43,14,9,0.55
43,15,7,0.5083333
43,16,5,0.28333333
43,17,8,0.3153846
43,18,2,0.38125
43,19,6,0.3923077
43,20,4,0.5125
43,21,1,0.67777777
43,22,1,0.20666666
43,23,4,0.25833333
43,24,9,0.42
43,25,8,0.29999998
43,26,4,0.42
43,27,3,0.22
43,28,4,0.40666667
43,29,4,0.42
43,30,9,0.51666665
43,31,9,0.50416666
43,32,5,0.29999998
43,33,3,0.45555556
43,34,9,0.3153846
43,35,0,0.41
43,36,0,0.6375
43,37,0,0.5083333
43,38,3,0.31
43,39,0,0.46363637
43,40,6,0.35
43,41,6,0.34444442
43,42,0,0.2625
43,43,8,0.31
43,44,0,0.23333332
43,45,4,0.22142856
43,46,5,0.5857143
43,47,5,0.3875
43,48,9,0.34166667
43,49,5,0.35
43,50,2,0.25625
43,51,4,0.23333332
43,52,5,0.41
43,53,9,0.5857143
43,54,9,0.51666665
43,55,4,0.275
43,56,9,0.41
43,57,7,0.28181818
43,58,4,0.28181818
43,59,4,0.31
43,60,0,0.29285714
43,61,0,0.56666666
43,62,4,0.5352941
43,63,9,0.44285712
43,64,3,0.67777777
43,65,9,0.45555556
43,66,0,0.46363637
43,67,9,0.41
43,68,5,0.42
43,69,3,0.62
43,70,2,0.25625
43,71,7,0.42
43,72,8,0.5857143
43,73,3,0.62
43,74,3,0.82
43,75,9,0.775
43,76,9,0.46363637
43,77,6,0.6375
43,78,7,0.5857143
43,79,4,0.46363637
43,80,6,0.45555556
43,81,2,0.56666666
43,82,9,0.3875
43,83,6,0.67777777
43,84,2,0.44375
43,85,9,0.67777777
43,86,9,0.3875
43,87,9,0.62
43,88,9,0.35
44,2,4,0.7
44,3,3,0.29999998
44,4,4,0.35
44,5,9,0.42
44,6,6,0.44285712
44,7,2,0.51666665
44,8,1,0.2625
44,9,1,0.525
44,10,4,0.45555556
44,11,3,0.42
44,12,9,0.42
44,13,4,0.25833333
44,14,0,0.42
44,15,9,0.62
44,16,3,0.5857143
44,17,8,0.28181818
44,18,2,0.3875
44,19,4,0.7888889
44,20,9,0.35
44,21,9,0.525
44,22,9,0.82
44,23,2,0.44285712
44,24,2,0.5857143
44,25,2,0.5125
44,26,3,0.5857143
44,27,9,0.68333334
44,28,4,0.22
44,29,2,0.3875
44,30,6,0.5125
44,31,8,0.44285712
44,32,8,0.35
44,33,4,0.23333332
44,35,2,0.22
44,36,1,0.42
44,37,9,0.51666665
44,38,2,0.34444442
44,39,9,0.5857143
44,40,3,0.35
44,41,0,0.54
44,42,6,0.6375
44,43,3,0.7
44,44,1,0.525
44,45,2,0.42
44,46,2,0.775
44,47,5,0.84999996
44,48,2,0.5125
44,49,6,0.51666665
44,50,7,0.36666667
44,51,8,0.42
44,52,2,0.84999996
44,53,5,0.7285714
44,54,2,0.44285712
44,55,8,0.51
44,56,3,0.34444442
44,57,4,0.22
44,58,1,0.42
44,59,3,0.7
46,2,6,0.5857143
46,3,9,0.3153846
46,4,4,0.3736842
46,5,3,0.23333332
46,6,9,0.28181818
46,7,4,0.37272727
46,8,9,0.4789474
46,9,4,0.305
46,10,4,0.36818182
46,11,9,0.43571427
46,12,4,0.35882354
46,13,9,0.44285712
46,14,3,0.67777777
46,15,7,0.3212766
46,16,8,0.34
46,17,7,0.27727273
46,18,4,0.25833333
46,19,7,0.23333332
46,20,9,0.4136364
46,21,8,0.29999998
46,22,3,0.23333332
46,23,4,0.46363637
46,24,5,0.355
46,25,9,0.3642857
46,26,5,0.29583332
46,27,6,0.37272727
46,28,9,0.675
46,29,4,0.3153846
46,30,4,0.29285714
46,31,1,0.29285714
46,32,0,0.37272727
46,33,2,0.69375
46,34,3,0.34166667
46,35,9,0.284
47,1,0,0.3875
47,2,9,0.3153846
47,3,8,0.34166667
47,4,1,0.221875
47,5,0,0.42
47,6,3,0.525
47,7,9,0.5125
47,8,1,0.35
47,9,1,0.68333334
47,10,9,0.34166667
47,11,0,0.42
47,12,3,0.32272726
47,13,9,0.45555556
47,14,5,0.31875
47,15,3,0.39268294
47,16,9,0.25625
47,17,0,0.29999998
47,18,3,0.27333334
47,19,6,0.34
47,20,9,0.27727273
47,21,9,0.34166667
47,22,9,0.34444442
47,23,0,0.35
47,24,9,0.5125
47,25,0,0.29999998
47,26,4,0.3875
47,27,2,0.3875
47,28,1,0.56666666
47,29,4,0.35
47,30,6,0.455
47,31,4,0.31
47,32,0,0.44375
47,33,0,0.31
47,34,0,0.34444442
47,35,9,0.3153846
47,36,7,0.3642857
47,37,4,0.34444442
47,38,8,0.23181818
48,1,4,0.82
48,2,4,0.3153846
48,3,0,0.525
48,4,2,0.355
48,5,3,0.4263158
48,6,3,0.36818182
48,7,2,0.55454546
48,8,4,0.7625
48,9,9,0.28181818
48,10,8,0.526087
48,11,8,0.21034482
48,12,5,0.28333333
48,13,3,0.29999998
48,14,2,0.31875
48,15,8,0.3
48,16,9,0.32272726
48,17,3,0.43333334
48,18,4,0.24285714
48,19,6,0.41
48,20,8,0.41764706
48,21,2,0.6375
48,22,9,0.46363637
48,23,8,0.34444442
48,24,5,0.3153846
48,25,9,0.38529414
48,26,4,0.23181818
48,27,6,0.27307692
48,28,8,0.3153846
48,29,9,0.2611111
49,1,6,0.37272727
49,2,9,0.6130435
49,3,9,0.46923077
49,4,2,0.18333334
49,5,6,0.37272727
49,6,9,0.33888888
49,7,9,0.36400002
49,8,6,0.5857143
49,9,7,0.33703706
49,10,7,0.5125
49,11,7,0.42727274
49,12,7,0.35806453
49,13,7,0.29583332
49,14,9,0.36818182
49,15,0,0.3153846
49,16,9,0.3642857
49,17,4,0.3736842
49,18,6,0.3875
50,1,8,0.42
50,2,9,0.46363637
50,3,2,0.51666665
50,4,7,0.2625
50,5,4,0.21
50,6,2,0.54615384
50,7,2,0.8538462
50,8,8,0.525
50,9,3,0.46923077
50,10,3,0.67777777
50,11,2,0.51
50,12,9,0.44285712
50,14,0,0.28181818
50,15,2,0.34444442
50,16,4,0.34166667
50,17,2,0.31
50,18,9,0.51
50,19,6,0.44285712
50,20,5,0.42
50,21,3,0.42
50,22,5,0.51
50,23,9,0.62
50,24,4,0.2625
50,25,8,0.56666666
50,26,3,0.42
50,27,0,0.44285712
50,28,4,0.29999998
50,29,2,0.44285712
50,30,3,0.29999998
50,31,3,0.29999998
50,32,4,0.29999998
50,33,6,0.34444442
50,34,8,0.51666665
50,35,9,0.35
50,36,9,0.5083333
50,37,9,0.44285712
50,38,2,0.46923077
50,39,2,0.34444442
50,40,3,0.29999998
50,41,5,0.29999998
50,42,3,0.34444442
50,43,9,0.51666665
50,44,2,0.3875
50,45,8,0.5083333
51,1,3,0.525
51,2,6,0.36666667
51,3,2,0.36666667
51,4,6,0.36666667
51,5,9,0.42
51,6,4,0.275
51,7,7,0.7
51,8,0,0.42
51,9,6,0.42
51,10,0,0.525
51,11,0,0.36666667
51,12,2,0.36666667
51,13,3,0.22
51,14,3,0.82
51,15,3,0.44285712
51,16,8,0.7
51,17,2,0.5857143
51,18,9,0.35
51,19,8,0.35
51,20,1,0.22
51,21,7,0.3875
51,22,6,0.35
51,23,4,0.42
51,24,2,0.35
51,25,2,0.35
51,26,4,0.5857143
51,27,1,0.29999998
51,28,1,0.56666666
51,29,4,0.37272727
51,30,1,0.275
51,31,4,0.3923077
51,32,8,0.34166667
51,33,6,0.6375
51,34,9,0.42
51,35,4,0.51666665
51,36,9,0.42
51,37,2,0.7285714
51,38,8,0.42
51,39,2,0.22
51,40,9,0.35
51,41,3,0.35
51,42,4,0.42
51,43,4,0.3875
51,44,0,0.3875
51,45,9,0.46363637
51,46,2,0.525
51,47,5,0.44285712
51,48,9,0.5857143
51,49,9,0.5125
51,50,0,0.44285712
51,51,9,0.82
51,52,2,0.275
51,53,2,0.44285712
51,54,2,0.5857143
51,55,2,0.68333334
51,56,8,0.5857143
51,57,8,0.34444442
51,58,0,0.275
51,59,4,0.41
51,60,8,0.44285712
51,61,0,0.62
51,62,8,0.44285712
51,63,2,0.18333334
51,64,9,0.35
51,65,8,0.5857143
51,66,2,0.29999998
51,67,9,0.51
51,68,3,0.22
52,1,3,0.275
52,2,2,0.55
52,3,4,0.36666667
52,4,5,0.7
52,5,0,0.55
52,6,5,0.36666667
52,7,2,0.525
52,8,3,0.275
52,9,4,0.42
52,10,2,0.35
52,11,2,0.62
52,12,5,0.525
52,13,1,0.525
52,14,3,0.5857143
52,15,5,0.525
52,16,4,0.525
52,17,8,0.7
52,18,3,0.22
52,19,5,0.29999998
52,20,7,0.35
52,21,2,0.46363637
52,22,7,0.42
52,23,7,0.47333333
52,24,8,0.41
52,25,7,0.34444442
52,26,5,0.25833333
52,27,9,0.3875
52,28,9,0.44285712
52,29,3,0.35
52,30,6,0.45555556
52,31,9,0.82
52,32,1,0.28181818
52,33,3,0.2625
52,34,3,0.5857143
52,35,8,0.5125
52,36,9,0.42
52,37,9,0.35
52,38,9,0.525
52,39,2,0.68333334
52,40,2,0.51666665
52,41,9,0.44285712
52,42,4,0.45555556
52,43,7,0.7888889
52,44,8,0.42
52,45,5,0.36666667
52,46,7,0.51
52,47,6,0.775
52,48,9,0.62
52,49,5,0.51
52,50,9,0.51666665
52,51,0,0.23333332
52,52,9,0.62
52,53,9,0.46363637
52,54,2,0.3875
53,1,4,0.42
53,2,2,0.7
53,3,0,0.525
53,4,0,0.42
53,5,4,0.775
53,6,4,0.275
53,7,4,0.51666665
53,8,5,0.275
53,9,9,0.775
53,10,0,0.42
53,11,4,0.62
53,12,5,0.525
53,13,5,0.275
53,14,6,0.35
53,15,2,0.55
53,16,3,0.62
53,17,8,0.62
53,18,4,0.275
53,19,6,0.45555556
53,20,4,0.36666667
53,21,2,0.22
53,22,7,0.275
53,23,7,0.51666665
53,24,7,0.275
53,25,9,0.305
53,26,9,0.42
53,27,2,0.51666665
53,28,8,0.5083333
53,29,9,0.7
53,30,7,0.31
53,31,8,0.34166667
53,32,7,0.44285712
53,33,0,0.46923077
53,34,1,0.44285712
53,35,7,0.32105264
53,36,1,0.26129034
53,37,5,0.36666667
53,38,0,0.275
53,39,8,0.62
53,40,6,0.525
53,41,4,0.29999998
53,42,0,0.22
53,43,1,0.62
53,44,4,0.525
53,45,4,0.275
53,46,0,0.29999998
53,47,9,0.7
53,48,5,0.42
53,49,2,0.775
53,50,2,0.44285712
53,51,2,0.7
53,52,2,0.42
53,53,6,0.42
53,54,6,0.525
53,55,4,0.275
53,56,5,0.275
53,57,9,0.82
53,58,1,0.42
53,59,3,0.42
53,60,9,0.35
53,61,8,0.5125
53,62,9,0.775
53,63,7,0.36666667
53,64,9,0.42
53,65,5,0.36666667
53,66,9,0.55
53,67,2,0.36666667
54,1,3,0.35
54,2,2,0.29999998
54,3,1,0.29999998
54,4,8,0.5125
54,5,4,0.2625
54,6,8,0.68333334
54,7,0,0.44285712
54,8,2,0.5857143
54,9,9,0.44285712
54,11,0,0.23333332
54,12,0,0.22
54,13,2,0.44285712
54,14,2,0.34166667
54,15,2,0.68333334
54,16,2,0.22
54,17,6,0.3875
54,18,3,0.62
54,19,8,0.45555556
54,20,4,0.36666667
54,21,3,0.35
54,22,2,0.3875
54,23,3,0.55454546
54,24,3,0.62
54,25,8,0.45555556
54,26,4,0.275
54,27,5,0.42
54,28,0,0.23333332
54,29,4,0.5125
54,30,5,0.29999998
54,31,5,0.29999998
54,32,9,0.51
54,33,5,0.42
54,34,3,0.62
54,35,5,0.41764706
54,36,8,0.45555556
54,38,8,0.35
54,39,1,0.81000006
54,40,4,0.51666665
54,41,6,0.44285712
54,42,5,0.23846152
54,43,1,0.34444442
54,44,8,0.42
54,45,8,0.45555556
54,46,2,0.42
54,47,8,0.34444442
54,48,6,0.51
54,49,9,0.42
54,50,4,0.56666666
54,51,3,0.42
54,52,9,0.51666665
54,53,3,0.71
54,54,1,0.22
54,55,9,0.62
54,56,3,0.8875
54,57,2,0.62
54,58,5,0.44285712
54,59,8,0.3875
54,60,2,0.51666665
54,61,9,0.42
54,62,2,0.51666665
54,63,9,0.35
55,1,6,0.7
55,2,8,0.36666667
55,3,2,0.36666667
55,4,8,0.525
55,5,2,0.42
55,6,2,0.525
55,7,2,0.42
55,8,8,0.525
55,9,7,0.44285712
55,10,2,0.775
55,11,3,0.34444442
55,12,3,0.6375
55,13,5,0.42
55,14,9,0.35
55,15,2,0.68333334
55,16,3,0.68333334
55,17,5,0.42
55,18,2,0.29999998
55,19,5,0.42
55,20,9,0.525
55,21,2,0.35
55,22,5,0.42
55,23,5,0.42
55,24,5,0.42
55,25,2,0.61
55,26,5,0.42
55,27,4,0.525
55,28,9,0.525
55,29,3,0.29999998
55,30,5,0.42
55,31,8,0.31
55,32,5,0.42
55,33,9,0.525
55,34,9,0.44285712
55,35,5,0.42
55,36,3,0.3642857
55,37,5,0.42
55,38,3,0.46363637
55,39,5,0.42
55,40,3,0.775
55,41,2,0.44285712
55,42,5,0.42
55,43,3,0.35
55,44,5,0.42
55,45,5,0.45555556
55,46,5,0.42
55,47,5,0.42
55,48,2,0.44285712
55,49,5,0.42
55,50,7,0.525
55,51,3,0.44285712
55,52,5,0.42
55,53,3,0.62
55,54,5,0.42
55,55,2,0.51666665
55,56,5,0.42
55,57,2,0.2625
55,58,5,0.42
55,59,3,0.29285714
55,60,5,0.42
55,61,3,0.2625
55,62,5,0.42
55,63,5,0.82
55,64,5,0.42
55,65,7,0.775
55,66,5,0.42
55,67,7,0.51666665
55,68,3,0.275
55,69,5,0.42
55,70,7,0.42
55,71,5,0.42
55,72,2,0.44285712
55,73,5,0.42
55,74,7,0.35
55,75,5,0.42
55,76,3,0.525
55,77,5,0.42
55,78,2,0.68333334
55,79,5,0.42
55,80,3,0.42
55,81,5,0.42
55,82,3,0.6375
55,83,5,0.42
55,84,2,0.2625
56,1,3,0.42
56,2,3,0.42
56,3,5,0.42
56,4,4,0.36666667
56,5,2,0.35
56,6,5,0.68333334
56,7,9,0.525
56,8,3,0.36666667
56,9,3,0.7285714
56,10,3,0.87142855
56,11,0,0.525
56,12,7,0.36666667
56,13,9,0.7
56,14,3,0.275
56,15,3,0.275
56,16,8,0.55
56,17,1,0.44285712
56,18,3,0.22
56,19,7,0.51666665
56,20,2,0.68333334
56,21,4,0.275
56,22,8,0.525
56,23,2,0.275
56,24,2,0.775
56,25,7,0.42
56,26,7,0.525
56,27,1,0.7888889
56,28,1,0.775
56,31,3,0.62
56,32,3,0.82
56,33,2,0.525
56,34,2,0.7
56,35,8,0.7
56,36,8,0.62
56,37,1,0.42
56,38,2,0.36666667
56,39,0,0.525
56,40,7,0.62
56,42,3,0.275
56,43,3,0.36666667
56,45,3,0.87142855
56,46,2,0.68333334
56,48,9,0.7
56,49,5,0.525
56,50,1,0.51666665
56,51,5,0.45555556
56,52,1,0.525
56,53,4,0.36666667
56,54,6,0.34444442
56,55,0,0.275
56,56,3,0.525
56,57,4,0.42
56,58,2,0.42
56,60,3,0.82
56,61,2,0.275
56,62,2,0.36666667
56,63,2,0.7
56,64,2,0.7
56,65,8,0.525
56,66,2,0.5857143
56,67,6,0.3875
56,68,2,0.775
56,69,2,0.7
56,70,5,0.34444442
56,71,6,0.62
56,72,9,0.525
56,73,2,0.525
56,74,4,0.525
56,75,8,0.35
56,76,3,0.525
56,77,2,0.525
56,78,8,0.42
56,79,6,0.51666665
56,80,8,0.36666667
56,81,2,0.51666665
56,82,6,0.44285712
56,83,6,0.42
56,84,4,0.36666667
56,85,2,0.22
56,86,3,0.275
56,87,4,0.275
56,88,2,0.18333334
56,89,6,0.36666667
56,90,0,0.22
56,91,5,0.36666667
56,92,4,0.275
56,93,4,0.275
56,94,6,0.36666667
56,95,8,0.36666667
56,96,4,0.68333334
56,97,3,0.7
56,98,3,0.42
56,99,3,0.42
56,100,2,0.42
56,101,3,0.36666667
56,102,6,0.775
56,103,6,0.51666665
57,1,6,0.61
57,2,2,0.91818184
57,3,6,0.54615384
57,4,2,0.524
57,5,2,0.7888889
57,6,3,0.5083333
57,7,0,0.3153846
57,8,9,0.41
57,9,6,0.47647062
57,10,0,0.35217392
57,11,7,0.37272727
57,12,3,0.5222222
57,13,3,0.29583332
57,14,0,0.205
57,15,3,0.57857144
57,16,9,0.39444444
57,17,2,0.41
57,18,7,0.57857144
57,19,5,0.33809525
57,20,7,0.31714287
57,21,8,0.205
57,22,2,0.31
57,23,4,0.55454546
57,24,6,0.46363637
57,25,0,0.24545455
57,26,9,0.27333334
57,27,7,0.253125
57,28,6,0.33809525
57,29,8,0.47333333
58,1,5,0.35882354
58,2,6,0.3956522
58,3,8,0.3740741
58,4,3,0.29285714
58,5,2,0.21
58,6,2,0.26296297
58,7,9,0.33611113
58,8,9,0.4136364
58,9,4,0.29999998
58,10,9,0.27931035
58,11,9,0.29047617
58,12,7,0.33888888
58,13,9,0.46363637
58,14,3,0.5857143
58,15,0,0.28181818
58,16,3,0.42499998
58,17,2,0.175
58,18,0,0.23846152
58,19,0,0.22
58,20,6,0.34444442
58,21,3,0.3
59,1,6,0.55454546
59,2,5,0.3457143
59,3,3,0.28181818
59,4,0,0.5857143
59,5,8,0.34166667
59,6,0,0.25625
59,7,7,0.3375
59,8,0,0.34
59,9,8,0.305
59,10,6,0.28333333
59,11,9,0.35217392
59,12,0,0.50625
59,13,9,0.34444442
59,14,9,0.45909092
59,15,3,0.5083333
59,16,9,0.37272727
59,17,3,0.31
59,18,9,0.3153846
59,19,7,0.45555556
59,20,3,0.8272728
59,21,2,0.31875
59,22,6,0.81000006
59,23,6,0.64090914
59,24,6,0.40500003
60,1,0,0.32750002
60,2,9,0.5083333
60,3,7,0.29285714
60,4,9,0.33611113
60,5,6,0.51
60,6,6,0.41764706
60,7,6,0.57857144
60,8,7,0.40666667
60,9,0,0.31875
60,10,8,0.34655172
60,11,8,0.44375
60,12,7,0.24545455
60,13,9,0.4263158
61,1,6,0.55454546
61,2,9,0.525
61,3,9,0.62
61,4,0,0.21
61,5,9,0.5352941
61,6,4,0.57
61,7,9,0.623077
61,8,8,0.41
61,9,8,0.34166667
61,10,3,0.34444442
61,11,0,0.31
61,12,3,0.5842106
61,13,4,0.45555556
61,14,9,0.29705882
62,1,6,0.54
62,2,4,0.29047617
62,3,6,0.7625
62,4,8,0.5857143
62,5,4,0.27727273
62,6,9,0.31
62,7,9,0.37272727
62,8,9,0.29285714
62,9,9,0.35882354
62,10,7,0.34166667
62,11,9,0.455
63,1,6,0.50555557
63,2,7,0.42499998
63,3,8,0.35
63,4,9,0.29583332
63,5,9,0.29285714
63,6,9,0.37272727
63,7,9,0.31875
63,8,9,0.34
63,9,7,0.43571427
63,10,9,0.355
63,11,8,0.31
64,1,2,0.8294118
64,2,2,0.23333332
64,3,2,0.7888889
64,4,2,0.25833333
64,5,3,0.37272727
64,6,0,0.29999998
64,7,9,0.31
64,8,6,0.3875
64,9,3,0.5592593
64,10,3,0.54615384
64,11,9,0.22142856
64,12,0,0.61
64,13,8,0.35
64,14,6,0.28333333
64,15,7,0.51
64,16,8,0.31875
64,17,6,0.34166667
64,18,6,0.7888889
65,1,8,0.35250002
65,2,8,0.3
65,3,8,0.27333334
65,4,7,0.4172414
65,5,9,0.42499998
65,6,7,0.38846156
65,7,4,0.43333334
65,8,9,0.56875
65,9,9,0.7888889
65,10,3,0.28181818
65,11,3,0.33636364
65,12,2,0.4789474
66,1,8,0.34
66,2,6,0.37272727
66,3,4,0.3607143
66,4,7,0.28333333
66,5,7,0.305
66,6,9,0.30869564
66,7,7,0.46363637
66,8,3,0.30833334
66,9,9,0.43571427
66,10,3,0.204
66,11,9,0.33809525
66,12,4,0.32105264
67,1,2,0.71
67,2,6,0.34166667
67,3,5,0.38125
67,4,5,0.41
67,5,2,0.29285714
67,6,3,0.56666666
67,7,5,0.34444442
67,8,4,0.35882354
67,9,4,0.3153846
67,10,3,0.29999998
67,11,1,0.42
67,12,9,0.5125
67,13,4,0.34444442
67,14,6,0.5125
67,15,2,0.29285714
67,16,2,0.46363637
67,17,2,0.3923077
67,18,6,0.29999998
67,19,2,0.47333333
67,20,9,0.34166667
67,21,4,0.3923077
67,22,0,0.5083333
67,23,5,0.3642857
67,24,9,0.41
67,25,6,0.525
67,26,4,0.34444442
67,27,9,0.41
67,28,9,0.3153846
67,29,9,0.40666667
67,30,2,0.37272727
68,1,5,0.62
68,2,8,0.35
68,3,3,0.42
68,4,6,0.84999996
68,5,5,0.775
68,6,0,0.7
68,7,0,0.623077
68,8,4,0.275
68,9,8,0.51666665
68,10,7,0.5857143
68,11,2,0.29999998
68,12,2,0.29999998
68,13,6,0.35
68,14,7,0.7
68,15,5,0.6375
68,16,4,0.42
68,17,8,0.28181818
68,18,4,0.55
68,19,9,0.29999998
68,20,3,0.5857143
68,21,3,0.22
68,22,8,0.3875
68,23,4,0.62
68,24,3,0.44285712
68,25,0,0.2625
68,26,6,0.35
68,27,4,0.36666667
68,28,8,0.3875
68,29,6,0.42
68,30,7,0.42
68,31,8,0.42
68,32,7,0.5125
68,33,3,0.3875
68,34,9,0.3875
68,35,9,0.42
68,36,3,0.36666667
68,37,8,0.525
68,38,7,0.525
68,39,3,0.31
68,40,0,0.42
68,41,6,0.51
68,42,0,0.15714286
68,43,9,0.45555556
68,44,6,0.28181818
68,45,4,0.35
68,46,8,0.35
68,47,6,0.42
68,48,7,0.31
68,49,9,0.5083333
68,50,1,0.18333334
68,51,9,0.34166667
68,52,8,0.42
69,2,5,0.55
69,3,5,0.36666667
69,4,5,0.82
69,5,9,0.68333334
69,6,2,0.62
69,7,3,0.305
69,8,8,0.525
69,9,4,0.37272727
69,10,9,0.7285714
69,11,2,0.42
69,12,5,0.44285712
69,13,5,0.68333334
69,14,2,0.3875
69,15,3,0.525
69,16,2,0.62
69,17,2,0.5083333
69,18,4,0.35
69,19,4,0.21
69,20,6,0.42
69,21,9,0.525
69,22,3,0.36666667
69,23,8,0.525
69,24,3,0.34444442
69,25,5,0.28181818
69,26,9,0.7
69,27,9,0.525
69,28,0,0.51666665
69,29,2,0.275
69,30,5,0.82
69,31,5,0.36666667
69,32,9,0.44285712
69,33,6,0.525
69,34,0,0.22
69,35,0,0.29999998
69,36,2,0.62
69,37,1,0.275
69,38,5,0.36666667
69,39,5,0.36666667
69,40,6,0.35
69,41,8,0.3875
69,42,8,0.5125
69,43,3,0.525
69,44,9,0.5857143
69,45,9,0.44285712
69,46,6,0.51666665
69,47,8,0.42
69,48,6,0.42
69,49,6,0.62
69,50,6,0.42
69,51,6,0.36666667
69,52,6,0.51666665
70,1,8,0.35
70,2,4,0.275
70,3,9,0.42
70,4,8,0.41
70,5,7,0.775
70,6,0,0.36666667
70,7,9,0.7
70,8,5,0.42
70,9,5,0.775
70,10,0,0.51666665
70,11,7,0.23846152
70,12,7,0.36666667
70,13,0,0.36666667
70,14,0,0.35
70,15,0,0.62
70,16,9,0.525
70,17,0,0.275
70,18,2,0.36666667
70,19,1,0.44285712
70,20,1,0.68333334
70,21,1,0.51666665
70,22,7,0.7
70,23,7,0.62
70,24,7,0.275
70,25,8,0.7285714
70,26,3,0.275
70,27,9,0.525
70,28,3,0.42
70,29,8,0.7
70,30,8,0.44285712
70,31,8,0.51666665
70,32,1,0.275
70,33,4,0.36666667
70,34,7,0.7
70,35,3,0.36666667
70,36,9,0.42
70,37,3,0.42
70,38,3,0.42
70,39,5,0.42
70,40,2,0.28181818
70,41,5,0.29999998
70,42,1,0.3875
70,43,1,0.31
70,44,3,0.29999998
71,1,4,0.28181818
71,2,4,0.3875
71,3,0,0.22
71,4,9,0.35882354
71,5,3,0.35
71,6,9,0.525
71,7,5,0.43571427
71,8,4,0.42
71,9,3,0.42
71,10,6,0.68333334
71,11,4,0.29999998
71,12,3,0.37272727
71,13,9,0.7
71,14,2,0.275
71,15,2,0.6375
71,16,2,0.44285712
71,17,2,0.42
71,18,2,0.42
71,19,2,0.42
71,20,0,0.68333334
71,21,9,0.5083333
71,22,7,0.51666665
71,23,5,0.50714284
71,24,0,0.29999998
71,25,8,0.34444442
71,26,9,0.51
71,27,9,0.3642857
71,28,7,0.33888888
72,1,5,0.31
72,2,4,0.2625
72,3,6,0.35
72,4,7,0.35
72,5,9,0.35
72,6,7,0.42499998
72,7,0,0.35
72,8,9,0.46363637
72,9,6,0.3642857
72,10,8,0.34444442
72,11,0,0.5125
72,12,8,0.45555556
72,13,9,0.5083333
72,14,9,0.37272727
72,15,3,0.29999998
72,16,0,0.31
72,17,8,0.46363637
72,18,1,0.29999998
72,19,3,0.35
72,20,6,0.42
72,21,4,0.35
72,22,9,0.3875
72,23,3,0.3153846
72,24,8,0.37272727
72,25,9,0.55454546
72,26,6,0.51666665
72,27,9,0.5125
72,28,9,0.40666667
73,1,9,0.7
73,2,3,0.51666665
73,3,7,0.275
73,4,9,0.42
73,5,4,0.42
73,6,3,0.35
73,7,3,0.62
73,8,9,0.44285712
73,9,2,0.35
73,10,7,0.35
73,11,4,0.2625
73,12,5,0.51666665
73,13,3,0.35
73,14,2,0.59166664
73,15,4,0.23846152
73,16,9,0.45555556
73,17,8,0.25833333
73,18,2,0.35
73,19,8,0.5125
73,20,7,0.25967744
74,1,9,0.7
74,2,8,0.525
74,3,3,0.36666667
74,4,5,0.36666667
74,5,2,0.275
74,6,4,0.525
74,7,7,0.36666667
74,9,3,0.525
74,10,6,0.36666667
74,11,2,0.275
74,12,4,0.525
74,13,7,0.62
74,14,2,0.62
74,15,0,0.275
74,16,5,0.51666665
74,17,0,0.525
74,18,8,0.7
74,19,9,0.525
74,20,9,0.525
74,21,8,0.55
74,22,3,0.525
74,23,0,0.275
74,24,4,0.525
74,25,9,0.525
74,26,3,0.36666667
74,27,3,0.36666667
74,28,9,0.7
74,29,5,0.525
74,30,8,0.775
74,31,9,0.29512197
74,32,5,0.42
74,33,3,0.36666667
74,34,1,0.35
74,35,6,0.35
74,36,8,0.36666667
74,37,0,0.42
74,38,0,0.22
74,39,3,0.7
74,40,3,0.22
74,41,9,0.55
74,42,3,0.275
74,43,7,0.42
74,44,4,0.275
74,45,3,0.68333334
74,46,3,0.42
74,47,2,0.36666667
74,48,9,0.68333334
74,49,0,0.36666667
74,50,5,0.82
74,51,2,0.36666667
74,52,5,0.51666665
74,53,5,0.35
74,54,5,0.525
74,55,8,0.84999996
74,56,8,0.55454546
75,1,3,0.525
75,2,7,0.525
75,3,5,0.35
75,4,8,0.35
75,5,1,0.44285712
75,6,3,0.42
75,7,5,0.525
75,8,2,0.275
75,9,2,0.525
75,10,3,0.35
75,11,5,0.42
75,12,3,0.525
75,13,7,0.35
75,14,4,0.29999998
75,15,9,0.775
75,16,4,0.29999998
75,17,4,0.42
75,18,5,0.51666665
75,19,4,0.525
75,20,7,0.44285712
75,21,7,0.36666667
75,22,3,0.84999996
75,23,9,0.7
75,24,3,0.62
75,25,4,0.35
75,26,0,0.35
75,27,0,0.525
75,28,3,0.35
75,29,9,0.525
75,30,3,0.525
75,31,7,0.525
75,32,0,0.36666667
75,33,4,0.42
75,34,5,0.7
75,35,5,0.7
75,36,0,0.42
75,37,2,0.42
75,38,2,0.525
75,39,7,0.5857143
75,40,2,0.62
76,1,9,0.44285712
76,2,5,0.37272727
76,3,0,0.29999998
76,4,3,0.35
76,5,8,0.3875
76,6,2,0.56666666
76,7,5,0.45555556
76,8,7,0.6375
76,9,7,0.37272727
76,10,3,0.44285712
76,11,4,0.44285712
76,12,7,0.29999998
76,13,3,0.42499998
76,14,2,0.35
76,15,2,0.6375
76,16,8,0.2625
76,17,8,0.29999998
76,18,2,0.51666665
76,19,5,0.41
76,20,5,0.31
76,21,5,0.7769231
76,22,7,0.51666665
76,23,6,0.45555556
76,24,7,0.3875
76,25,9,0.51666665
76,26,3,0.29999998
76,27,7,0.5125
76,28,8,0.34444442
76,29,8,0.5125
76,30,6,0.5125
76,31,3,0.34444442
77,1,4,0.525
77,2,2,0.36666667
77,3,2,0.775
77,4,0,0.275
77,5,4,0.7
77,6,8,0.36666667
77,7,4,0.275
77,9,2,0.525
77,10,5,0.82
77,11,0,0.35
77,12,3,0.7
77,13,3,0.7
77,14,3,0.525
77,15,5,0.525
77,16,8,0.36666667
77,17,4,0.7
77,18,4,0.275
77,19,5,0.525
77,20,2,0.42
77,21,2,0.275
77,22,8,0.36666667
77,23,7,0.42
77,24,5,0.525
77,25,2,0.22
77,26,2,0.7
77,27,2,0.31
77,28,5,0.525
77,29,5,0.42
77,30,2,0.18333334
77,31,3,0.51666665
77,32,3,0.68333334
77,33,5,0.84999996
77,34,5,0.525
77,35,3,0.62
77,36,8,0.525
77,37,5,0.525
77,38,3,0.51666665
77,39,7,0.82
77,40,5,0.525
77,41,2,0.68333334
77,42,8,0.525
77,43,7,0.35
77,44,4,0.35
77,45,5,0.525
77,46,9,0.68333334
77,47,5,0.525
77,48,7,0.35
77,49,5,0.525
77,50,9,0.62
78,1,4,0.275
78,2,4,0.36666667
78,3,9,0.55
78,4,5,0.62
78,5,0,0.275
78,6,2,0.42
78,7,2,0.775
78,8,2,0.775
78,9,8,0.525
78,10,5,0.525
78,11,7,0.42
78,12,2,0.82
78,13,3,0.42
78,14,2,0.44285712
78,15,2,0.44285712
78,16,3,0.775
78,17,3,0.42
78,18,3,0.44285712
78,19,0,0.22
78,20,5,0.62
78,21,3,0.525
78,22,8,0.42
78,23,3,0.22
78,24,9,0.42
78,25,2,0.775
78,26,7,0.36666667
78,27,4,0.275
78,28,5,0.51666665
78,29,2,0.275
78,30,3,0.42
78,31,4,0.36666667
78,32,3,0.62
78,33,1,0.62
78,34,2,0.525
78,35,1,0.5857143
78,36,4,0.275
78,37,2,0.2625
78,38,2,0.25833333
78,39,0,0.34444442
78,40,9,0.3923077
79,1,2,0.36666667
79,2,8,0.525
79,3,4,0.36666667
79,4,4,0.36666667
79,5,8,0.7
79,6,2,0.42
79,7,2,0.525
79,8,9,0.51666665
79,9,2,0.36666667
79,10,2,0.35
79,11,5,0.82
79,12,9,0.775
79,13,0,0.22
79,14,2,0.525
79,15,4,0.62
79,16,5,0.44285712
79,17,2,0.35
79,18,8,0.42
79,19,9,0.525
79,20,5,0.42
79,21,5,0.36666667
79,22,0,0.36666667
79,23,0,0.36666667
79,24,0,0.22
79,25,7,0.62
79,26,6,0.35
79,27,2,0.51666665
79,28,2,0.275
79,29,3,0.42
79,30,2,0.7
79,31,2,0.51666665
79,32,2,0.82
79,33,8,0.525
79,34,3,0.525
79,35,4,0.42
79,36,3,0.22
79,37,5,0.82
79,38,8,0.525
79,39,7,0.525
79,40,9,0.525
79,41,9,0.45555556
79,42,3,0.775
79,43,3,0.42
79,44,3,0.29999998
79,45,9,0.7
79,46,9,0.7
79,47,9,0.44285712
79,48,9,0.41
80,1,3,0.525
80,2,4,0.42
80,3,4,0.42
80,4,8,0.35
80,5,9,0.51666665
80,6,4,0.525
80,7,9,0.44285712
80,8,4,0.42
80,9,9,0.55
80,10,0,0.36666667
80,11,0,0.42
80,12,8,0.62
80,13,1,0.36666667
80,14,6,0.7
80,15,4,0.36666667
80,16,6,0.36666667
80,17,9,0.42
80,18,2,0.36666667
80,19,2,0.62
80,20,0,0.36666667
80,21,2,0.7
80,22,5,0.36666667
80,23,0,0.29999998
80,24,8,0.42
80,25,2,0.275
80,26,2,0.42
80,27,3,0.42
80,30,3,0.775
80,31,8,0.525
80,32,8,0.62
80,33,1,0.22
80,34,9,0.42
80,35,7,0.7
80,36,7,0.525
80,37,3,0.525
80,38,3,0.7285714
80,39,5,0.525
80,40,5,0.44285712
80,41,5,0.7
80,42,9,0.775
81,2,2,0.42
81,4,5,0.68333334
81,6,2,0.525
81,7,4,0.42
81,8,2,0.45555556
81,9,1,0.36666667
81,10,5,0.87142855
81,12,5,0.525
81,13,3,0.275
81,14,7,0.525
81,15,2,0.525
81,16,2,0.7
81,17,3,0.525
81,18,1,0.775
81,19,6,0.35
81,20,9,0.51666665
81,21,0,0.275
81,22,0,0.775
81,23,5,0.35
81,24,8,0.35
81,25,0,0.62
81,26,5,0.36666667
81,27,3,0.42
81,28,0,0.5857143
81,29,3,0.29999998
82,1,2,0.525
82,2,5,0.51666665
82,3,2,0.275
82,4,2,0.62
82,5,7,0.62
82,6,9,0.44285712
82,7,5,0.35
82,8,2,0.275
82,9,5,0.3875
82,10,9,0.55
82,11,5,0.36666667
82,12,6,0.36666667
82,13,6,0.51666665
82,14,6,0.35
82,15,3,0.775
82,16,2,0.55
82,17,3,0.525
82,18,3,0.525
82,19,8,0.34444442
83,1,5,0.7
83,2,8,0.35
83,3,9,0.62
83,4,0,0.275
83,5,3,0.36666667
83,6,3,0.44285712
83,7,5,0.51
83,8,5,0.525
83,9,4,0.525
83,10,5,0.42
83,11,3,0.525
83,12,8,0.35
83,13,5,0.7285714
83,14,5,0.3875
83,15,0,0.2625
83,16,6,0.42
83,17,5,0.42
83,18,5,0.51
83,19,5,0.525
83,20,4,0.525
83,21,9,0.7
83,22,6,0.51666665
83,23,1,0.35
83,24,6,0.42
83,25,8,0.5125
83,26,8,0.5857143
83,27,8,0.42
83,28,2,0.42
83,29,5,0.5125
83,30,5,0.42
83,31,5,0.35
83,32,4,0.275
83,33,3,0.22
83,34,1,0.35
83,35,7,0.35
84,1,2,0.525
84,2,4,0.35
84,3,5,0.525
84,4,0,0.22
84,5,6,0.35
84,6,9,0.6375
84,7,2,0.18333334
84,8,1,0.775
84,9,4,0.36666667
84,10,9,0.35
84,11,5,0.36666667
84,12,8,0.55
84,13,4,0.525
84,14,0,0.55
84,15,5,0.275
84,16,6,0.35
84,17,3,0.7
84,18,2,0.22
84,19,6,0.68333334
84,20,9,0.525
84,21,5,0.62
84,22,9,0.525
84,23,4,0.36666667
84,24,3,0.35
85,1,2,0.775
85,2,3,0.36666667
85,3,9,0.7
85,4,3,0.62
85,5,9,0.7
85,6,9,0.525
85,7,6,0.41
85,8,2,0.5857143
85,9,7,0.3642857
85,10,3,0.5083333
85,11,9,0.525
85,12,2,0.275
85,13,6,0.84999996
85,15,2,0.22
85,16,2,0.35
85,17,2,0.525
85,18,0,0.275
85,19,9,0.775
85,20,9,0.525
85,21,8,0.55
86,1,3,0.42
86,2,3,0.42
86,3,2,0.275
86,4,8,0.36666667
86,5,9,0.42
86,6,2,0.775
86,7,5,0.51666665
86,8,2,0.42
86,9,4,0.42
86,10,9,0.62
86,11,8,0.525
86,12,2,0.7
86,13,6,0.42
86,14,0,0.35
86,15,7,0.775
86,16,7,0.775
86,17,3,0.42
87,1,6,0.51666665
87,2,2,0.36666667
87,3,0,0.42
87,4,2,0.525
87,5,2,0.62
87,6,4,0.525
87,7,4,0.42
87,8,9,0.42
87,9,4,0.42
87,10,8,0.525
87,11,0,0.36666667
87,12,3,0.275
87,13,2,0.62
87,14,4,0.275
87,15,9,0.42
87,16,7,0.62
87,17,7,0.35
87,18,1,0.275
87,19,1,0.525
88,1,4,0.35
88,2,3,0.62
88,3,9,0.525
88,4,2,0.275
88,5,2,0.5857143
88,6,3,0.42
88,7,5,0.525
88,8,3,0.82
88,9,9,0.525
88,10,3,0.36666667
88,11,9,0.525
88,12,2,0.62
88,13,1,0.62
88,14,2,0.525
88,15,3,0.82
88,16,3,0.525
88,17,9,0.42
88,18,2,0.36666667
88,19,5,0.525
88,20,2,0.7
88,21,8,0.51666665
88,22,8,0.525
88,23,0,0.36666667
88,24,3,0.42
88,25,9,0.55
88,26,9,0.51666665
89,2,3,0.36666667
89,3,8,0.7
89,4,3,0.22
89,5,9,0.525
89,6,9,0.82
89,7,2,0.35
89,8,4,0.35
89,9,5,0.44285712
89,10,2,0.82
89,11,0,0.42
89,12,9,0.525
89,13,3,0.42
89,14,6,0.42
89,15,8,0.37272727
89,16,8,0.3875
89,17,0,0.29999998
89,18,7,0.35
89,19,7,0.51666665
89,20,7,0.82
89,21,5,0.34444442
89,22,4,0.44285712
89,23,9,0.41
89,24,7,0.525
89,25,3,0.51666665
89,26,7,0.35
89,28,9,0.62
89,29,2,0.42
89,30,3,0.7
90,1,7,0.36666667
90,2,9,0.775
90,3,7,0.7
90,4,1,0.2625
90,5,2,0.42
90,6,7,0.36666667
90,7,0,0.275
90,8,2,0.35
90,9,0,0.275
90,10,0,0.525
90,11,0,0.5857143
90,12,0,0.82
90,13,4,0.36666667
90,14,1,0.18333334
90,15,7,0.82
90,16,7,0.7
90,17,7,0.61
90,18,3,0.775
90,19,3,0.2625
90,20,5,0.42
91,1,9,0.42
91,2,2,0.7
91,3,3,0.36666667
91,4,3,0.7
91,5,2,0.36666667
91,6,2,0.7
91,7,7,0.275
91,8,3,0.22
91,9,6,0.36666667
91,10,8,0.36666667
91,11,5,0.42
91,12,5,0.525
91,13,5,0.35
91,14,1,0.29999998
91,15,9,0.7
92,1,3,0.525
92,2,3,0.42
92,3,7,0.51666665
92,4,6,0.35
92,5,8,0.525
92,6,6,0.275
92,7,0,0.22
92,8,9,0.51666665
92,9,5,0.36666667
92,10,0,0.22
92,11,9,0.35
92,12,0,0.275
92,13,7,0.42
92,14,3,0.62
92,15,0,0.22
92,16,0,0.36666667
92,17,0,0.42
92,18,7,0.525
92,19,4,0.44285712
92,20,7,0.35
92,21,4,0.275
93,1,9,0.7
93,2,9,0.35
93,3,9,0.525
93,4,7,0.42
93,5,4,0.29999998
93,6,8,0.35
93,7,0,0.18333334
93,8,8,0.35
93,9,7,0.7285714
93,10,8,0.42
93,11,4,0.525
94,1,2,0.275
94,2,0,0.275
94,3,3,0.36666667
94,4,7,0.275
94,5,9,0.525
94,6,9,0.525
94,7,8,0.35
94,8,9,0.525
95,1,2,0.36666667
95,2,1,0.36666667
95,3,9,0.525
95,4,2,0.2625
95,5,3,0.22
95,6,7,0.3875
95,7,3,0.22
95,8,0,0.42
96,1,9,0.42
96,2,2,0.62
96,3,4,0.22
96,4,6,0.36666667
96,5,6,0.275
96,6,5,0.2625
96,7,5,0.42
96,8,9,0.7
96,9,9,0.7
96,10,7,0.42
96,11,9,0.51666665
96,12,7,0.36666667
96,13,9,0.42
96,14,5,0.275
96,15,5,0.6375
96,16,5,0.62
96,17,3,0.275
96,18,5,0.775
96,19,0,0.2625
97,1,4,0.36666667
97,2,6,0.7
97,3,2,0.22
97,4,8,0.45555556
97,5,1,0.42
98,1,4,0.45555556
98,2,5,0.5857143
98,3,0,0.35
98,4,4,0.3875
98,5,7,0.34166667
98,6,3,0.623077
98,7,7,0.5125
98,8,3,0.59411764
99,1,2,0.51666665
99,2,2,0.42
99,3,4,0.62
99,4,4,0.525
99,5,9,0.525
99,6,9,0.5125
99,7,7,0.5857143
99,8,7,0.44285712
100,1,0,0.6375
100,2,3,0.775
100,3,4,0.275
100,4,6,0.7
100,5,5,0.35
100,6,9,0.62
100,7,6,0.42
100,8,7,0.51666665
100,9,9,0.44285712
100,10,4,0.525
100,11,6,0.68333334
101,2,5,0.7
101,3,5,0.525
101,4,9,0.42
101,5,5,0.62
101,6,7,0.275
101,7,9,0.525
101,8,9,0.525
101,9,9,0.525
101,10,6,0.55
102,1,7,0.62
102,2,2,0.36666667
102,3,5,0.42
102,4,5,0.62
102,5,0,0.51666665
102,6,5,0.42
102,7,5,0.42
102,8,4,0.35
103,1,8,0.55
103,2,9,0.51666665
103,3,1,0.2625
104,1,9,0.525
104,2,9,0.62
104,3,0,0.275
104,4,0,0.35
104,5,8,0.36666667
104,6,3,0.7
104,7,5,0.36666667
104,8,5,0.525
104,9,2,0.42
105,1,9,0.5857143
105,2,7,0.44285712
105,3,2,0.42
105,4,2,0.68333334
105,5,7,0.51666665
106,1,9,0.525
106,2,2,0.29999998
106,3,5,0.275
106,4,1,0.2625
107,1,5,0.275
107,2,7,0.525
107,3,4,0.22
107,4,7,0.525
107,5,7,0.7
107,6,4,0.36666667
107,7,0,0.36666667
108,1,4,0.7
108,2,7,0.62
108,3,1,0.275
109,1,9,0.775
109,2,9,0.7
109,3,9,0.7
109,4,9,0.525
109,5,9,0.525
109,6,8,0.82
110,1,4,0.42
110,2,3,0.44285712
110,3,6,0.67777777
111,1,5,0.34444442
111,2,9,0.68333334
111,3,0,0.22
111,4,3,0.42
111,5,4,0.22
112,1,6,0.62
112,2,2,0.275
112,3,7,0.7
112,4,9,0.7
113,1,0,0.275
113,2,2,0.36666667
113,3,3,0.35
113,4,2,0.44285712
113,5,4,0.42
114,1,9,0.525
114,3,9,0.7
114,4,4,0.525
114,5,4,0.775
114,6,3,0.36666667
