sura,ayat,topic
1,1,0
1,2,3
1,3,-1
1,4,-1
1,5,27
1,6,-1
2,2,5
2,3,33
2,4,-1
2,5,45
2,6,1
2,7,47
2,8,1
2,9,1
2,10,-1
2,11,29
2,12,29
2,13,1
2,14,24
2,15,-1
2,16,-1
2,17,-1
2,18,47
2,19,-1
2,20,-1
2,21,-1
2,22,0
2,23,19
2,24,22
2,25,41
2,26,9
2,27,-1
2,28,2
2,29,0
2,30,17
2,31,17
2,32,-1
2,33,0
2,34,17
2,35,8
2,36,24
2,37,-1
2,38,23
2,39,22
2,40,36
2,41,-1
2,42,18
2,43,20
2,44,5
2,45,33
2,46,7
2,47,13
2,48,23
2,49,-1
2,50,28
2,51,11
2,52,-1
2,53,-1
2,54,2
2,55,30
2,56,13
2,57,32
2,58,-1
2,59,22
2,60,32
2,61,-1
2,62,-1
2,63,32
2,64,13
2,65,3
2,66,-1
2,67,29
2,68,29
2,69,29
2,70,29
2,71,29
2,72,-1
2,73,2
2,74,10
2,75,-1
2,76,1
2,77,-1
2,78,5
2,79,3
2,80,36
2,81,22
2,82,42
2,83,25
2,84,30
2,85,-1
2,86,2
2,87,6
2,88,1
2,89,9
2,90,9
2,91,4
2,92,-1
2,93,32
2,94,2
2,95,2
2,96,-1
2,97,-1
2,98,17
2,99,5
2,100,1
2,101,6
2,102,24
2,103,1
2,104,-1
2,105,9
2,106,-1
2,107,0
2,108,-1
2,109,9
2,110,-1
2,111,-1
2,112,23
2,113,-1
2,114,4
2,115,31
2,116,0
2,117,0
2,118,-1
2,119,22
2,120,-1
2,121,1
2,122,13
2,123,-1
2,124,-1
2,125,4
2,126,-1
2,127,4
2,128,-1
2,129,5
2,130,-1
2,131,-1
2,132,4
2,133,48
2,134,39
2,135,4
2,136,4
2,137,1
2,138,49
2,139,-1
2,140,-1
2,141,39
2,142,-1
2,143,-1
2,144,4
2,145,5
2,146,-1
2,147,7
2,148,-1
2,149,4
2,150,4
2,151,5
2,152,13
2,153,33
2,154,2
2,155,-1
2,156,-1
2,157,-1
2,158,-1
2,159,-1
2,160,-1
2,161,17
2,162,-1
2,163,-1
2,164,0
2,165,1
2,166,-1
2,167,-1
2,168,8
2,169,3
2,170,12
2,171,47
2,172,-1
2,173,-1
2,174,-1
2,175,22
2,176,5
2,177,17
2,178,-1
2,179,2
2,180,2
2,181,14
2,182,14
2,183,1
2,184,25
2,185,-1
2,186,-1
2,187,8
2,188,-1
2,189,-1
2,190,-1
2,191,4
2,192,3
2,193,1
2,194,-1
2,195,18
2,196,-1
2,197,-1
2,198,-1
2,199,-1
2,200,48
2,201,-1
2,202,39
2,203,14
2,204,-1
2,205,29
2,206,14
2,207,19
2,208,4
2,209,6
2,210,17
2,211,-1
2,212,-1
2,213,-1
2,214,-1
2,215,25
2,216,28
2,217,4
2,218,4
2,219,14
2,220,2
2,221,8
2,222,-1
2,223,8
2,224,-1
2,225,-1
2,226,8
2,227,-1
2,228,8
2,229,8
2,230,8
2,231,8
2,232,8
2,233,25
2,234,8
2,235,8
2,236,8
2,237,8
2,238,20
2,239,23
2,240,8
2,241,8
2,242,5
2,243,2
2,244,-1
2,245,13
2,246,4
2,247,-1
2,248,17
2,249,28
2,250,9
2,251,-1
2,252,5
2,253,6
2,254,9
2,255,0
2,256,1
2,257,22
2,258,-1
2,259,2
2,260,0
2,261,20
2,262,23
2,263,-1
2,264,-1
2,265,20
2,266,20
2,267,-1
2,268,24
2,269,13
2,270,-1
2,271,-1
2,272,-1
2,273,0
2,274,-1
2,275,24
2,276,14
2,277,33
2,278,1
2,279,-1
2,280,-1
2,281,44
2,282,-1
2,283,14
2,284,0
2,285,17
2,286,-1
3,2,2
3,3,5
3,4,5
3,5,0
3,6,-1
3,7,5
3,8,13
3,9,36
3,10,-1
3,11,14
3,12,-1
3,13,9
3,14,-1
3,15,41
3,16,14
3,17,11
3,18,17
3,19,4
3,20,4
3,21,4
3,22,-1
3,23,5
3,24,22
3,25,44
3,26,-1
3,27,11
3,28,9
3,29,0
3,30,19
3,31,14
3,32,9
3,33,-1
3,34,-1
3,35,8
3,36,-1
3,37,-1
3,38,33
3,39,17
3,40,8
3,41,11
3,42,17
3,43,-1
3,44,-1
3,45,17
3,46,3
3,47,-1
3,48,5
3,49,38
3,50,-1
3,51,7
3,52,4
3,53,-1
3,54,44
3,55,48
3,56,2
3,57,42
3,58,-1
3,59,0
3,60,7
3,61,8
3,62,7
3,63,29
3,64,4
3,65,5
3,66,-1
3,67,4
3,68,4
3,69,5
3,70,5
3,71,5
3,72,-1
3,73,-1
3,74,13
3,75,14
3,76,36
3,77,48
3,78,5
3,79,-1
3,80,4
3,81,6
3,82,3
3,83,0
3,84,4
3,85,4
3,86,6
3,87,17
3,88,-1
3,89,3
3,90,1
3,91,9
3,92,-1
3,93,8
3,94,-1
3,95,4
3,96,0
3,97,4
3,98,-1
3,99,-1
3,100,9
3,101,9
3,102,4
3,103,-1
3,104,3
3,105,18
3,106,9
3,107,-1
3,108,5
3,109,0
3,110,1
3,111,27
3,112,-1
3,113,5
3,114,1
3,115,39
3,116,-1
3,117,-1
3,118,1
3,119,1
3,120,-1
3,121,-1
3,122,23
3,123,28
3,124,17
3,125,17
3,126,-1
3,127,3
3,128,-1
3,129,0
3,130,1
3,131,22
3,132,45
3,133,0
3,134,-1
3,135,14
3,136,41
3,137,0
3,138,-1
3,139,38
3,140,-1
3,141,9
3,142,4
3,143,30
3,144,4
3,145,2
3,146,4
3,147,9
3,148,-1
3,149,1
3,150,7
3,151,22
3,152,2
3,153,6
3,154,-1
3,155,24
3,156,-1
3,157,2
3,158,21
3,159,-1
3,160,-1
3,161,-1
3,162,-1
3,163,39
3,164,5
3,165,-1
3,166,1
3,167,28
3,168,2
3,169,-1
3,170,23
3,171,13
3,172,-1
3,173,1
3,174,13
3,175,24
3,176,2
3,177,1
3,178,9
3,179,6
3,180,-1
3,181,4
3,182,19
3,183,6
3,184,6
3,185,2
3,186,-1
3,187,-1
3,188,18
3,189,0
3,190,-1
3,191,0
3,192,22
3,193,14
3,194,6
3,195,-1
3,196,18
3,197,-1
3,198,41
3,199,-1
3,200,-1
4,1,-1
4,2,-1
4,3,8
4,4,13
4,5,-1
4,6,-1
4,7,8
4,8,25
4,9,23
4,10,25
4,11,8
4,12,8
4,13,41
4,14,-1
4,15,30
4,16,-1
4,17,-1
4,18,29
4,19,8
4,20,8
4,21,36
4,22,8
4,23,8
4,24,8
4,25,8
4,26,-1
4,27,-1
4,28,-1
4,29,1
4,30,22
4,31,14
4,32,8
4,33,30
4,34,8
4,35,8
4,36,-1
4,37,9
4,38,24
4,39,1
4,40,13
4,41,30
4,42,-1
4,43,1
4,44,5
4,45,28
4,46,-1
4,47,1
4,48,14
4,49,-1
4,50,14
4,51,9
4,52,21
4,53,-1
4,54,45
4,55,1
4,56,-1
4,57,41
4,58,-1
4,59,6
4,60,24
4,61,5
4,62,-1
4,63,-1
4,64,-1
4,65,-1
4,66,-1
4,67,13
4,68,27
4,69,-1
4,70,13
4,71,1
4,72,28
4,73,13
4,74,2
4,75,28
4,76,24
4,77,-1
4,78,29
4,79,30
4,80,7
4,81,11
4,82,18
4,83,-1
4,84,38
4,85,13
4,86,-1
4,87,26
4,88,-1
4,89,18
4,90,-1
4,91,-1
4,92,-1
4,93,38
4,94,-1
4,95,4
4,96,-1
4,97,17
4,98,-1
4,99,-1
4,100,-1
4,101,9
4,102,-1
4,103,33
4,104,-1
4,105,-1
4,106,-1
4,107,14
4,108,15
4,109,26
4,110,-1
4,111,14
4,112,14
4,113,-1
4,114,-1
4,115,6
4,116,28
4,117,24
4,118,19
4,119,24
4,120,24
4,121,-1
4,122,41
4,123,-1
4,124,42
4,125,4
4,126,0
4,127,8
4,128,8
4,129,8
4,130,-1
4,131,0
4,132,0
4,133,-1
4,134,2
4,135,30
4,136,-1
4,137,1
4,138,-1
4,139,9
4,140,5
4,141,9
4,142,-1
4,143,-1
4,144,-1
4,145,22
4,146,-1
4,147,42
4,148,3
4,149,-1
4,150,6
4,151,9
4,152,-1
4,153,-1
4,154,-1
4,155,4
4,156,-1
4,157,-1
4,158,-1
4,159,1
4,160,8
4,161,9
4,162,33
4,163,-1
4,164,6
4,165,-1
4,166,30
4,167,27
4,168,-1
4,169,-1
4,170,7
4,171,-1
4,172,17
4,173,48
4,174,-1
4,175,42
4,176,8
5,1,8
5,2,-1
5,3,-1
5,4,8
5,5,8
5,6,1
5,7,-1
5,8,-1
5,9,42
5,10,5
5,11,33
5,12,41
5,13,36
5,14,26
5,15,-1
5,16,-1
5,17,-1
5,18,14
5,19,6
5,20,48
5,21,-1
5,22,3
5,23,-1
5,24,7
5,25,-1
5,26,-1
5,27,-1
5,28,23
5,29,14
5,30,2
5,31,38
5,32,2
5,33,2
5,34,3
5,35,4
5,36,-1
5,37,22
5,38,-1
5,39,3
5,40,0
5,41,-1
5,42,3
5,43,-1
5,44,-1
5,45,2
5,46,-1
5,47,5
5,48,-1
5,49,14
5,50,-1
5,51,-1
5,52,23
5,53,42
5,54,4
5,55,33
5,56,6
5,57,-1
5,58,-1
5,59,1
5,60,-1
5,61,1
5,62,3
5,63,-1
5,64,-1
5,65,-1
5,66,-1
5,67,9
5,68,9
5,69,-1
5,70,6
5,71,3
5,72,-1
5,73,43
5,74,18
5,75,-1
5,76,-1
5,77,-1
5,78,-1
5,79,3
5,80,3
5,81,-1
5,82,-1
5,83,-1
5,84,1
5,85,41
5,86,5
5,87,8
5,88,8
5,89,-1
5,90,24
5,91,24
5,92,6
5,93,-1
5,94,1
5,95,1
5,96,32
5,97,0
5,98,43
5,99,6
5,100,-1
5,101,1
5,102,9
5,103,-1
5,104,12
5,105,-1
5,106,30
5,107,30
5,108,-1
5,109,6
5,110,-1
5,111,-1
5,112,-1
5,113,30
5,114,-1
5,115,-1
5,116,-1
5,117,30
5,118,-1
5,119,41
5,120,0
7,2,1
7,3,7
7,4,26
7,5,-1
7,6,6
7,7,3
7,8,-1
7,9,5
7,10,0
7,11,17
7,12,10
7,13,3
7,14,15
7,15,-1
7,16,-1
7,17,-1
7,18,3
7,19,8
7,20,17
7,21,36
7,22,20
7,23,-1
7,24,-1
7,25,2
7,26,-1
7,27,24
7,28,12
7,29,4
7,30,24
7,31,-1
7,32,-1
7,33,14
7,34,-1
7,35,6
7,36,22
7,37,-1
7,38,22
7,39,18
7,40,5
7,41,11
7,42,42
7,43,41
7,44,46
7,45,2
7,46,-1
7,47,22
7,48,-1
7,49,-1
7,50,9
7,51,-1
7,52,-1
7,53,6
7,54,0
7,55,33
7,56,2
7,57,-1
7,58,-1
7,59,-1
7,60,-1
7,61,0
7,62,-1
7,63,-1
7,64,5
7,65,49
7,66,-1
7,67,0
7,68,-1
7,69,-1
7,70,-1
7,71,-1
7,72,-1
7,73,-1
7,74,-1
7,75,1
7,76,1
7,77,-1
7,78,-1
7,79,-1
7,80,39
7,81,-1
7,82,-1
7,83,8
7,84,-1
7,85,-1
7,86,-1
7,87,1
7,88,1
7,89,1
7,90,-1
7,91,-1
7,92,-1
7,93,9
7,94,4
7,95,-1
7,96,-1
7,97,11
7,98,-1
7,99,-1
7,100,14
7,101,6
7,102,36
7,103,29
7,104,-1
7,105,6
7,106,6
7,107,-1
7,108,-1
7,109,37
7,110,-1
7,111,-1
7,112,37
7,113,37
7,114,-1
7,115,-1
7,116,37
7,117,-1
7,118,6
7,119,-1
7,120,37
7,121,1
7,122,7
7,123,1
7,124,-1
7,125,16
7,126,4
7,127,-1
7,128,-1
7,129,-1
7,130,-1
7,131,3
7,132,-1
7,133,38
7,134,48
7,135,36
7,136,5
7,137,0
7,138,32
7,139,-1
7,140,-1
7,141,-1
7,142,11
7,143,-1
7,144,32
7,145,-1
7,146,-1
7,147,2
7,148,29
7,149,-1
7,150,1
7,151,-1
7,152,3
7,153,-1
7,154,23
7,155,-1
7,156,-1
7,157,-1
7,158,0
7,159,-1
7,160,32
7,161,14
7,162,-1
7,163,32
7,164,-1
7,165,-1
7,166,3
7,167,-1
7,168,-1
7,169,-1
7,170,-1
7,171,0
7,172,-1
7,173,12
7,174,5
7,175,24
7,176,-1
7,177,5
7,178,-1
7,179,3
7,180,-1
7,181,-1
7,182,5
7,183,-1
7,184,12
7,185,0
7,186,-1
7,187,0
7,188,1
7,189,-1
7,190,-1
7,191,28
7,192,-1
7,193,-1
7,194,-1
7,195,47
7,196,5
7,197,38
7,198,34
7,199,-1
7,200,24
7,201,24
7,202,24
7,203,-1
7,204,-1
7,205,-1
7,206,-1
8,1,-1
8,2,-1
8,3,33
8,4,1
8,5,1
8,6,2
8,7,9
8,8,14
8,9,17
8,10,-1
8,11,7
8,12,17
8,13,6
8,14,9
8,15,9
8,16,28
8,17,-1
8,18,9
8,19,1
8,20,6
8,21,18
8,22,-1
8,23,47
8,24,-1
8,25,2
8,26,2
8,27,6
8,28,-1
8,29,-1
8,30,-1
8,31,5
8,32,31
8,33,-1
8,34,43
8,35,48
8,36,-1
8,37,-1
8,38,14
8,39,1
8,40,-1
8,41,6
8,42,-1
8,43,-1
8,44,34
8,45,-1
8,46,6
8,47,18
8,48,24
8,49,-1
8,50,17
8,51,19
8,52,14
8,53,13
8,54,14
8,55,1
8,56,36
8,57,28
8,58,23
8,59,9
8,60,29
8,61,-1
8,62,-1
8,63,0
8,64,38
8,65,9
8,66,-1
8,67,-1
8,68,-1
8,69,8
8,70,-1
8,71,-1
8,72,4
8,73,-1
8,74,4
8,75,4
9,1,9
9,2,-1
9,3,36
9,4,-1
9,5,-1
9,6,-1
9,7,36
9,8,-1
9,9,29
9,10,-1
9,11,-1
9,12,6
9,13,38
9,14,-1
9,15,4
9,16,4
9,17,4
9,18,4
9,19,4
9,20,46
9,21,-1
9,22,1
9,23,4
9,24,28
9,25,9
9,26,-1
9,27,4
9,28,-1
9,29,-1
9,30,-1
9,31,9
9,32,-1
9,33,-1
9,34,3
9,35,-1
9,36,8
9,37,-1
9,38,-1
9,39,9
9,40,-1
9,41,27
9,42,-1
9,43,4
9,44,1
9,45,-1
9,46,-1
9,47,-1
9,48,9
9,49,-1
9,50,-1
9,51,-1
9,52,-1
9,53,-1
9,54,-1
9,55,-1
9,56,27
9,57,3
9,58,45
9,59,25
9,60,4
9,61,6
9,62,22
9,63,23
9,64,5
9,65,-1
9,66,3
9,67,9
9,68,-1
9,69,-1
9,70,-1
9,71,41
9,72,4
9,73,4
9,74,-1
9,75,13
9,76,36
9,77,-1
9,78,42
9,79,-1
9,80,-1
9,81,-1
9,82,-1
9,83,-1
9,84,9
9,85,4
9,86,3
9,87,-1
9,88,41
9,89,4
9,90,14
9,91,23
9,92,-1
9,93,6
9,94,3
9,95,-1
9,96,4
9,97,4
9,98,4
9,99,41
9,100,4
9,101,-1
9,102,33
9,103,19
9,104,-1
9,105,-1
9,106,4
9,107,-1
9,108,31
9,109,-1
9,110,-1
9,111,1
9,112,4
9,113,-1
9,114,-1
9,115,0
9,116,4
9,117,0
9,118,1
9,119,4
9,120,18
9,121,-1
9,122,9
9,123,-1
9,124,2
9,125,18
9,126,-1
9,127,6
9,128,-1
10,1,5
10,2,9
10,3,0
10,4,48
10,5,-1
10,6,-1
10,7,-1
10,8,22
10,9,41
10,10,48
10,11,2
10,12,-1
10,13,6
10,14,0
10,15,5
10,16,-1
10,17,-1
10,18,-1
10,19,7
10,20,-1
10,21,17
10,22,32
10,23,2
10,24,0
10,25,27
10,26,-1
10,27,22
10,28,28
10,29,30
10,30,-1
10,31,2
10,32,-1
10,33,1
10,34,28
10,35,28
10,36,3
10,37,0
10,38,-1
10,39,3
10,40,1
10,41,-1
10,42,47
10,43,34
10,44,3
10,45,15
10,46,30
10,47,6
10,48,36
10,49,-1
10,50,-1
10,51,-1
10,52,-1
10,53,-1
10,54,2
10,55,0
10,56,2
10,57,45
10,58,13
10,59,8
10,60,-1
10,61,5
10,62,23
10,63,1
10,64,2
10,65,-1
10,66,0
10,67,11
10,68,0
10,69,-1
10,70,-1
10,71,-1
10,72,4
10,73,5
10,74,6
10,75,-1
10,76,37
10,77,37
10,78,-1
10,79,37
10,80,37
10,81,29
10,82,-1
10,83,1
10,84,4
10,85,-1
10,86,9
10,87,4
10,88,-1
10,89,-1
10,90,4
10,91,29
10,92,-1
10,93,26
10,94,5
10,95,5
10,96,1
10,97,30
10,98,32
10,99,0
10,100,1
10,101,1
10,102,-1
10,103,6
10,104,-1
10,105,-1
10,106,18
10,107,19
10,108,-1
10,109,-1
11,1,5
11,2,-1
11,3,33
11,4,0
11,5,-1
11,6,2
11,7,0
11,8,-1
11,9,-1
11,10,-1
11,11,42
11,12,17
11,13,-1
11,14,3
11,15,32
11,16,-1
11,17,-1
11,18,30
11,19,27
11,20,-1
11,21,-1
11,22,2
11,23,42
11,24,47
11,25,12
11,26,43
11,27,-1
11,28,45
11,29,-1
11,30,-1
11,31,17
11,32,43
11,33,-1
11,34,-1
11,35,14
11,36,1
11,37,-1
11,38,27
11,39,-1
11,40,1
11,41,7
11,42,-1
11,43,-1
11,44,-1
11,45,-1
11,46,25
11,47,-1
11,48,48
11,49,48
11,50,49
11,51,-1
11,52,7
11,53,-1
11,54,30
11,55,18
11,56,7
11,57,-1
11,58,-1
11,59,-1
11,60,-1
11,61,-1
11,62,-1
11,63,45
11,64,-1
11,65,15
11,66,-1
11,67,47
11,68,-1
11,69,-1
11,70,23
11,71,-1
11,72,8
11,73,-1
11,74,23
11,75,-1
11,76,-1
11,77,-1
11,78,-1
11,79,25
11,80,21
11,81,11
11,82,10
11,83,7
11,84,-1
11,85,2
11,86,1
11,87,-1
11,88,45
11,89,-1
11,90,7
11,91,25
11,92,25
11,93,-1
11,94,1
11,95,12
11,96,5
11,97,-1
11,98,22
11,99,-1
11,100,-1
11,101,-1
11,102,-1
11,103,-1
11,104,-1
11,105,-1
11,106,22
11,107,0
11,108,46
11,109,-1
11,110,-1
11,111,7
11,112,18
11,113,22
11,114,-1
11,115,-1
11,116,2
11,117,7
11,118,-1
11,119,-1
11,120,6
11,121,1
11,122,-1
11,123,0
12,1,5
12,2,-1
12,3,-1
12,4,11
12,5,24
12,6,-1
12,7,48
12,8,-1
12,9,-1
12,10,-1
12,11,-1
12,12,15
12,13,29
12,14,29
12,15,-1
12,16,11
12,17,29
12,18,3
12,19,28
12,20,13
12,21,-1
12,22,32
12,23,8
12,24,8
12,25,-1
12,26,30
12,27,3
12,28,-1
12,29,14
12,30,8
12,31,17
12,32,-1
12,33,-1
12,34,-1
12,35,-1
12,36,12
12,37,-1
12,38,-1
12,39,-1
12,40,-1
12,41,-1
12,42,24
12,43,29
12,44,12
12,45,12
12,46,29
12,47,-1
12,48,-1
12,49,-1
12,50,8
12,51,-1
12,52,-1
12,53,-1
12,54,-1
12,55,-1
12,56,-1
12,57,-1
12,58,-1
12,59,-1
12,60,-1
12,61,-1
12,62,25
12,63,-1
12,64,1
12,65,25
12,66,-1
12,67,-1
12,68,-1
12,69,-1
12,70,-1
12,71,-1
12,72,-1
12,73,29
12,74,-1
12,75,-1
12,76,-1
12,77,-1
12,78,-1
12,79,-1
12,80,-1
12,81,30
12,82,-1
12,83,-1
12,84,-1
12,85,-1
12,86,-1
12,87,-1
12,88,25
12,89,-1
12,90,48
12,91,-1
12,92,15
12,93,25
12,94,3
12,95,-1
12,96,-1
12,97,14
12,98,-1
12,99,-1
12,100,24
12,101,4
12,102,-1
12,103,1
12,104,0
12,105,0
12,106,1
12,107,26
12,108,-1
12,109,-1
12,110,14
12,111,1
13,1,1
13,2,-1
13,3,-1
13,4,20
13,5,-1
13,6,-1
13,7,-1
13,8,8
13,9,-1
13,10,15
13,11,29
13,12,31
13,13,17
13,14,9
13,15,-1
13,16,0
13,17,-1
13,18,26
13,19,7
13,20,36
13,21,23
13,22,32
13,23,17
13,24,43
13,25,-1
13,26,2
13,27,-1
13,28,-1
13,29,42
13,30,-1
13,31,26
13,32,6
13,33,0
13,34,2
13,35,41
13,36,32
13,37,4
13,38,8
13,39,-1
13,40,2
13,41,-1
13,42,9
13,43,-1
14,1,-1
14,2,9
14,3,2
14,4,-1
14,5,11
14,6,-1
14,7,43
14,8,0
14,9,6
14,10,14
14,11,19
14,12,-1
14,13,4
14,14,23
14,15,-1
14,16,10
14,17,2
14,18,-1
14,19,0
14,20,-1
14,21,-1
14,22,24
14,23,41
14,24,20
14,25,7
14,26,20
14,27,1
14,28,-1
14,29,-1
14,30,22
14,31,-1
14,32,0
14,33,11
14,34,-1
14,35,33
14,36,-1
14,37,-1
14,38,0
14,39,-1
14,40,33
14,41,38
14,42,18
14,43,-1
14,44,6
14,45,32
14,46,40
14,47,6
14,48,0
14,49,14
14,50,22
14,51,39
14,52,12
15,1,5
15,2,4
15,3,-1
15,4,-1
15,5,2
15,6,3
15,7,17
15,8,17
15,9,-1
15,10,12
15,11,6
15,12,14
15,13,1
15,14,31
15,15,37
15,16,11
15,17,3
15,18,-1
15,19,40
15,20,2
15,21,-1
15,22,31
15,23,2
15,24,-1
15,25,-1
15,26,-1
15,27,10
15,28,17
15,29,-1
15,30,17
15,31,24
15,32,24
15,33,-1
15,34,-1
15,35,26
15,36,-1
15,37,16
15,38,-1
15,39,0
15,40,19
15,41,27
15,42,19
15,43,36
15,44,-1
15,45,20
15,46,16
15,47,2
15,48,-1
15,49,-1
15,50,21
15,51,-1
15,52,23
15,53,-1
15,54,-1
15,55,-1
15,56,-1
15,57,21
15,58,14
15,59,16
15,60,8
15,61,16
15,62,-1
15,63,43
15,64,-1
15,65,11
15,66,11
15,67,-1
15,68,-1
15,69,18
15,70,-1
15,71,25
15,72,10
15,73,-1
15,74,10
15,75,-1
15,76,27
15,77,38
15,78,-1
15,79,27
15,80,-1
15,81,-1
15,82,40
15,83,47
15,84,39
15,85,26
15,86,7
15,87,-1
15,88,32
15,89,12
15,90,-1
15,91,16
15,92,7
15,93,39
15,94,-1
15,95,-1
15,96,-1
15,97,-1
15,98,7
15,99,7
16,1,-1
16,2,17
16,3,0
16,4,3
16,5,29
16,6,-1
16,7,-1
16,8,29
16,9,-1
16,10,29
16,11,20
16,12,11
16,13,0
16,14,32
16,15,40
16,16,-1
16,17,-1
16,18,-1
16,19,-1
16,20,-1
16,21,2
16,22,1
16,23,-1
16,24,5
16,25,14
16,26,40
16,27,9
16,28,17
16,29,-1
16,30,-1
16,31,41
16,32,17
16,33,17
16,34,43
16,35,-1
16,36,-1
16,37,-1
16,38,-1
16,39,-1
16,40,-1
16,41,48
16,42,-1
16,43,-1
16,44,6
16,45,-1
16,46,-1
16,47,-1
16,48,34
16,49,17
16,50,23
16,51,18
16,52,0
16,53,13
16,54,28
16,55,13
16,56,13
16,57,-1
16,58,3
16,59,-1
16,60,1
16,61,2
16,62,22
16,63,24
16,64,-1
16,65,2
16,66,29
16,67,10
16,68,38
16,69,-1
16,70,12
16,71,19
16,72,-1
16,73,0
16,74,28
16,75,19
16,76,-1
16,77,-1
16,78,-1
16,79,38
16,80,29
16,81,40
16,82,16
16,83,9
16,84,30
16,85,30
16,86,28
16,87,15
16,88,29
16,89,4
16,90,-1
16,91,36
16,92,26
16,93,-1
16,94,3
16,95,13
16,96,-1
16,97,-1
16,98,24
16,99,1
16,100,-1
16,101,-1
16,102,4
16,103,4
16,104,-1
16,105,-1
16,106,48
16,107,9
16,108,3
16,109,2
16,110,4
16,111,15
16,112,-1
16,113,-1
16,114,8
16,115,-1
16,116,-1
16,117,43
16,118,-1
16,119,-1
16,120,4
16,121,13
16,122,32
16,123,4
16,124,26
16,125,7
16,126,-1
16,127,-1
16,128,-1
17,1,4
17,2,-1
17,3,-1
17,4,2
17,5,19
17,6,-1
17,7,3
17,8,-1
17,9,-1
17,10,1
17,11,33
17,12,11
17,13,-1
17,14,5
17,15,14
17,16,-1
17,17,14
17,18,22
17,19,2
17,20,45
17,21,2
17,22,18
17,23,-1
17,24,-1
17,25,7
17,26,25
17,27,24
17,28,-1
17,29,18
17,30,19
17,31,14
17,32,18
17,33,4
17,34,25
17,35,44
17,36,18
17,37,0
17,38,-1
17,39,22
17,40,17
17,41,-1
17,42,27
17,43,7
17,44,0
17,45,1
17,46,-1
17,47,37
17,48,27
17,49,2
17,50,10
17,51,-1
17,52,-1
17,53,24
17,54,7
17,55,0
17,56,3
17,57,48
17,58,-1
17,59,32
17,60,-1
17,61,17
17,62,26
17,63,3
17,64,24
17,65,19
17,66,32
17,67,-1
17,68,27
17,69,-1
17,70,32
17,71,-1
17,72,2
17,73,-1
17,74,-1
17,75,2
17,76,-1
17,77,6
17,78,11
17,79,-1
17,80,-1
17,81,-1
17,82,-1
17,83,-1
17,84,7
17,85,-1
17,86,-1
17,87,-1
17,88,-1
17,89,3
17,90,0
17,91,20
17,92,17
17,93,-1
17,94,-1
17,95,17
17,96,19
17,97,-1
17,98,2
17,99,0
17,100,-1
17,101,37
17,102,0
17,103,0
17,104,-1
17,105,-1
17,106,27
17,107,1
17,108,-1
17,109,-1
17,110,48
17,111,-1
18,1,5
18,2,-1
18,3,-1
18,4,25
18,5,12
18,6,1
18,7,0
18,8,-1
18,9,43
18,10,-1
18,11,47
18,12,-1
18,13,1
18,14,0
18,15,-1
18,16,-1
18,17,-1
18,18,23
18,19,-1
18,20,-1
18,21,-1
18,22,29
18,23,26
18,24,-1
18,25,12
18,26,0
18,27,5
18,28,-1
18,29,-1
18,30,-1
18,31,41
18,32,20
18,33,20
18,34,13
18,35,20
18,36,26
18,37,44
18,38,7
18,39,-1
18,40,20
18,41,10
18,42,-1
18,43,16
18,44,-1
18,45,0
18,46,-1
18,47,40
18,48,7
18,49,14
18,50,17
18,51,0
18,52,28
18,53,22
18,54,3
18,55,-1
18,56,5
18,57,-1
18,58,2
18,59,-1
18,60,10
18,61,32
18,62,-1
18,63,24
18,64,16
18,65,19
18,66,-1
18,67,-1
18,68,-1
18,69,-1
18,70,18
18,71,27
18,72,18
18,73,-1
18,74,2
18,75,18
18,76,18
18,77,-1
18,78,-1
18,79,32
18,80,-1
18,81,7
18,82,-1
18,83,-1
18,84,0
18,85,27
18,86,-1
18,87,-1
18,88,42
18,89,-1
18,90,11
18,91,-1
18,92,-1
18,93,40
18,94,29
18,95,-1
18,96,10
18,97,27
18,98,45
18,99,15
18,100,9
18,101,47
18,102,19
18,103,-1
18,104,-1
18,105,-1
18,106,5
18,107,42
18,108,-1
18,109,-1
18,110,-1
19,2,-1
19,3,33
19,4,-1
19,5,8
19,6,25
19,7,43
19,8,8
19,9,-1
19,10,11
19,11,11
19,12,5
19,13,-1
19,14,3
19,15,2
19,16,-1
19,17,-1
19,18,-1
19,19,45
19,20,-1
19,21,45
19,22,27
19,23,2
19,24,7
19,25,20
19,26,-1
19,27,43
19,28,8
19,29,25
19,30,4
19,31,33
19,32,25
19,33,2
19,34,-1
19,35,-1
19,36,7
19,37,30
19,38,-1
19,39,1
19,40,-1
19,41,4
19,42,13
19,43,-1
19,44,24
19,45,24
19,46,-1
19,47,-1
19,48,33
19,49,48
19,50,13
19,51,4
19,52,27
19,53,48
19,54,4
19,55,33
19,56,4
19,57,-1
19,58,-1
19,59,-1
19,60,42
19,61,19
19,62,11
19,63,19
19,64,-1
19,65,0
19,66,2
19,67,-1
19,68,24
19,69,3
19,70,22
19,71,7
19,72,-1
19,73,1
19,74,3
19,75,-1
19,76,45
19,77,-1
19,78,-1
19,79,44
19,80,16
19,81,16
19,82,28
19,83,24
19,84,18
19,85,-1
19,86,10
19,87,36
19,88,25
19,89,16
19,90,40
19,91,25
19,92,25
19,93,19
19,94,-1
19,95,26
19,96,-1
19,97,-1
19,98,47
21,1,27
21,2,12
21,3,30
21,4,0
21,5,12
21,6,1
21,7,-1
21,8,2
21,9,36
21,10,5
21,11,-1
21,12,43
21,13,18
21,14,-1
21,15,-1
21,16,0
21,17,-1
21,18,-1
21,19,0
21,20,11
21,21,0
21,22,-1
21,23,39
21,24,12
21,25,6
21,26,19
21,27,-1
21,28,23
21,29,3
21,30,0
21,31,40
21,32,31
21,33,11
21,34,2
21,35,2
21,36,-1
21,37,-1
21,38,36
21,39,22
21,40,23
21,41,27
21,42,11
21,43,29
21,44,12
21,45,-1
21,46,43
21,47,-1
21,48,13
21,49,23
21,50,-1
21,51,-1
21,52,49
21,53,-1
21,54,12
21,55,16
21,56,0
21,57,3
21,58,-1
21,59,3
21,60,-1
21,61,30
21,62,-1
21,63,44
21,64,-1
21,65,-1
21,66,-1
21,67,-1
21,68,10
21,69,10
21,70,-1
21,71,0
21,72,-1
21,73,-1
21,74,-1
21,75,7
21,76,-1
21,77,5
21,78,-1
21,79,38
21,80,28
21,81,-1
21,82,-1
21,83,-1
21,84,-1
21,85,-1
21,86,7
21,87,1
21,88,2
21,89,-1
21,90,8
21,91,29
21,92,1
21,93,-1
21,94,-1
21,95,18
21,96,31
21,97,36
21,98,-1
21,99,-1
21,100,47
21,101,27
21,102,47
21,103,17
21,104,0
21,105,19
21,106,49
21,107,-1
21,108,-1
21,109,27
21,110,-1
21,111,-1
21,112,-1
22,1,26
22,2,10
22,3,24
22,4,-1
22,5,-1
22,6,2
22,7,26
22,8,-1
22,9,-1
22,10,19
22,11,2
22,12,27
22,13,3
22,14,41
22,15,2
22,16,5
22,17,-1
22,18,0
22,19,22
22,20,-1
22,21,21
22,22,-1
22,23,41
22,24,-1
22,25,4
22,26,4
22,27,-1
22,28,-1
22,29,-1
22,30,7
22,31,31
22,32,-1
22,33,-1
22,34,45
22,35,33
22,36,33
22,37,32
22,38,1
22,39,-1
22,40,4
22,41,-1
22,42,-1
22,43,-1
22,44,9
22,45,-1
22,46,47
22,47,-1
22,48,-1
22,49,12
22,50,42
22,51,5
22,52,24
22,53,24
22,54,1
22,55,26
22,56,42
22,57,5
22,58,-1
22,59,-1
22,60,-1
22,61,11
22,62,-1
22,63,0
22,64,0
22,65,0
22,66,2
22,67,-1
22,68,39
22,69,26
22,70,0
22,71,6
22,72,22
22,73,0
22,74,7
22,75,17
22,76,-1
22,77,33
22,78,4
24,1,5
24,2,8
24,3,8
24,4,30
24,5,3
24,6,30
24,7,-1
24,8,8
24,9,-1
24,10,13
24,11,14
24,12,-1
24,13,30
24,14,48
24,15,3
24,16,-1
24,17,12
24,18,5
24,19,1
24,20,13
24,21,24
24,22,25
24,23,8
24,24,30
24,25,15
24,26,8
24,27,1
24,28,-1
24,29,14
24,30,1
24,31,8
24,32,19
24,33,19
24,34,5
24,35,-1
24,36,11
24,37,-1
24,38,13
24,39,-1
24,40,-1
24,41,38
24,42,0
24,43,31
24,44,11
24,45,10
24,46,-1
24,47,6
24,48,6
24,49,13
24,50,6
24,51,6
24,52,6
24,53,-1
24,54,6
24,55,1
24,56,33
24,57,22
24,58,-1
24,59,5
24,60,8
24,61,8
24,62,-1
24,63,6
24,64,0
25,1,13
25,2,0
25,3,2
25,4,9
25,5,11
25,6,0
25,7,17
25,8,37
25,9,27
25,10,20
25,11,26
25,12,47
25,13,22
25,14,26
25,15,46
25,16,-1
25,17,19
25,18,-1
25,19,43
25,20,6
25,21,17
25,22,17
25,23,-1
25,24,46
25,25,17
25,26,9
25,27,-1
25,28,-1
25,29,24
25,30,-1
25,31,-1
25,32,-1
25,33,44
25,34,-1
25,35,-1
25,36,5
25,37,-1
25,38,-1
25,39,32
25,40,-1
25,41,-1
25,42,-1
25,43,35
25,44,29
25,45,-1
25,46,-1
25,47,11
25,48,-1
25,49,29
25,50,-1
25,51,-1
25,52,4
25,53,10
25,54,-1
25,55,9
25,56,-1
25,57,7
25,58,2
25,59,0
25,60,-1
25,61,11
25,62,13
25,63,19
25,64,33
25,65,-1
25,66,-1
25,67,-1
25,68,14
25,69,-1
25,70,42
25,71,42
25,72,30
25,73,5
25,74,-1
25,75,-1
25,76,-1
25,77,-1
26,3,1
26,4,-1
26,5,-1
26,6,-1
26,7,0
26,8,-1
26,9,-1
26,10,-1
26,11,21
26,12,23
26,13,-1
26,14,14
26,15,5
26,16,0
26,17,-1
26,18,25
26,19,-1
26,20,27
26,21,6
26,22,32
26,23,0
26,24,0
26,25,18
26,26,12
26,27,6
26,28,31
26,29,-1
26,30,16
26,31,-1
26,32,-1
26,33,-1
26,34,37
26,35,37
26,36,-1
26,37,37
26,38,37
26,39,21
26,40,37
26,41,37
26,42,-1
26,43,-1
26,44,-1
26,45,-1
26,46,37
26,47,1
26,48,7
26,49,-1
26,50,23
26,51,38
26,52,19
26,53,-1
26,54,-1
26,55,3
26,56,-1
26,57,10
26,58,-1
26,59,16
26,60,11
26,61,-1
26,62,7
26,63,40
26,64,-1
26,65,16
26,66,-1
26,67,-1
26,68,-1
26,69,-1
26,70,49
26,71,49
26,72,33
26,73,-1
26,74,12
26,75,49
26,76,12
26,77,0
26,78,-1
26,79,10
26,80,-1
26,81,2
26,82,15
26,83,7
26,84,44
26,85,46
26,86,27
26,87,15
26,88,-1
26,89,16
26,90,46
26,91,-1
26,92,-1
26,93,16
26,94,27
26,95,24
26,96,-1
26,97,-1
26,98,-1
26,99,14
26,100,-1
26,101,-1
26,102,1
26,103,-1
26,104,-1
26,105,-1
26,106,-1
26,107,6
26,108,-1
26,109,-1
26,110,-1
26,111,1
26,112,39
26,113,7
26,114,1
26,115,12
26,116,-1
26,117,-1
26,118,3
26,119,32
26,120,-1
26,121,-1
26,122,-1
26,123,-1
26,124,21
26,125,6
26,126,-1
26,127,-1
26,128,-1
26,129,-1
26,130,3
26,131,-1
26,132,-1
26,133,29
26,134,20
26,135,23
26,136,-1
26,137,1
26,138,43
26,139,1
26,140,-1
26,141,-1
26,142,7
26,143,6
26,144,-1
26,145,-1
26,146,-1
26,147,20
26,148,20
26,149,40
26,150,-1
26,151,18
26,152,29
26,153,37
26,154,-1
26,155,10
26,156,15
26,157,2
26,158,-1
26,159,-1
26,160,-1
26,161,21
26,162,6
26,163,-1
26,164,-1
26,165,-1
26,166,8
26,167,-1
26,168,-1
26,169,25
26,170,25
26,171,8
26,172,-1
26,173,-1
26,174,-1
26,175,-1
26,176,-1
26,177,21
26,178,6
26,179,-1
26,180,-1
26,181,44
26,182,-1
26,183,2
26,184,12
26,185,37
26,186,-1
26,187,31
26,188,7
26,189,-1
26,190,-1
26,191,-1
26,192,0
26,193,-1
26,194,12
26,195,4
26,196,5
26,197,21
26,198,4
26,199,1
26,200,3
26,201,1
26,202,-1
26,203,-1
26,204,-1
26,205,32
26,206,16
26,207,-1
26,208,-1
26,209,12
26,210,24
26,211,-1
26,212,27
26,213,18
26,214,25
26,215,-1
26,216,39
26,217,-1
26,218,34
26,219,-1
26,220,-1
26,221,24
26,222,14
26,223,-1
26,224,-1
26,225,40
26,226,39
26,227,42
27,1,5
27,2,38
27,3,-1
27,4,1
27,5,2
27,6,-1
27,7,10
27,8,10
27,9,-1
27,10,-1
27,11,29
27,12,37
27,13,37
27,14,29
27,15,-1
27,16,13
27,17,-1
27,18,38
27,19,-1
27,20,38
27,21,-1
27,22,-1
27,23,8
27,24,24
27,25,0
27,26,-1
27,27,-1
27,28,-1
27,29,-1
27,30,-1
27,31,18
27,32,-1
27,33,-1
27,34,-1
27,35,13
27,36,32
27,37,28
27,38,-1
27,39,43
27,40,45
27,41,34
27,42,18
27,43,9
27,44,10
27,45,-1
27,46,13
27,47,3
27,48,29
27,49,30
27,50,3
27,51,3
27,52,-1
27,53,1
27,54,39
27,55,3
27,56,49
27,57,8
27,58,-1
27,59,19
27,60,-1
27,61,-1
27,62,-1
27,63,13
27,64,0
27,65,0
27,66,2
27,67,12
27,68,12
27,69,14
27,70,18
27,71,36
27,72,16
27,73,45
27,74,-1
27,75,0
27,76,28
27,77,-1
27,78,7
27,79,-1
27,80,47
27,81,5
27,82,5
27,83,-1
27,84,5
27,85,-1
27,86,11
27,87,0
27,88,40
27,89,-1
27,90,3
27,91,4
27,92,12
27,93,7
28,2,5
28,3,1
28,4,-1
28,5,13
28,6,28
28,7,-1
28,8,28
28,9,8
28,10,1
28,11,-1
28,12,25
28,13,-1
28,14,13
28,15,28
28,16,7
28,17,45
28,18,23
28,19,28
28,20,28
28,21,23
28,22,-1
28,23,10
28,24,8
28,25,-1
28,26,39
28,27,8
28,28,30
28,29,10
28,30,0
28,31,-1
28,32,37
28,33,23
28,34,-1
28,35,37
28,36,37
28,37,-1
28,38,-1
28,39,28
28,40,28
28,41,22
28,42,26
28,43,45
28,44,31
28,45,5
28,46,-1
28,47,5
28,48,37
28,49,-1
28,50,-1
28,51,12
28,52,-1
28,53,4
28,54,-1
28,55,-1
28,56,-1
28,57,-1
28,58,-1
28,59,-1
28,60,2
28,61,32
28,62,28
28,63,-1
28,64,-1
28,65,6
28,66,-1
28,67,42
28,68,7
28,69,-1
28,70,-1
28,71,11
28,72,11
28,73,13
28,74,28
28,75,6
28,76,-1
28,77,2
28,78,14
28,79,13
28,80,42
28,81,0
28,82,-1
28,83,2
28,84,3
28,85,-1
28,86,9
28,87,5
28,88,-1
29,2,1
29,3,-1
29,4,3
29,5,-1
29,6,0
29,7,-1
29,8,28
29,9,42
29,10,1
29,11,1
29,12,14
29,13,14
29,14,-1
29,15,0
29,16,49
29,17,33
29,18,6
29,19,-1
29,20,0
29,21,-1
29,22,0
29,23,-1
29,24,-1
29,25,22
29,26,7
29,27,48
29,28,-1
29,29,-1
29,30,29
29,31,-1
29,32,8
29,33,8
29,34,22
29,35,3
29,36,-1
29,37,-1
29,38,24
29,39,0
29,40,-1
29,41,-1
29,42,-1
29,43,3
29,44,0
29,45,-1
29,46,1
29,47,9
29,48,5
29,49,5
29,50,6
29,51,-1
29,52,0
29,53,43
29,54,9
29,55,15
29,56,-1
29,57,2
29,58,41
29,59,35
29,60,-1
29,61,0
29,62,19
29,63,0
29,64,2
29,65,-1
29,66,13
29,67,-1
29,68,9
29,69,-1
30,2,9
30,3,-1
30,4,38
30,5,-1
30,6,36
30,7,2
30,8,0
30,9,-1
30,10,5
30,11,-1
30,12,26
30,13,-1
30,14,26
30,15,42
30,16,5
30,17,11
30,18,-1
30,19,2
30,20,0
30,21,-1
30,22,0
30,23,11
30,24,-1
30,25,0
30,26,0
30,27,0
30,28,19
30,29,3
30,30,1
30,31,-1
30,32,-1
30,33,45
30,34,13
30,35,28
30,36,-1
30,37,1
30,38,25
30,39,32
30,40,45
30,41,29
30,42,0
30,43,1
30,44,-1
30,45,9
30,46,32
30,47,6
30,48,-1
30,49,-1
30,50,2
30,51,31
30,52,47
30,53,5
30,54,-1
30,55,26
30,56,1
30,57,-1
30,58,9
30,59,-1
30,60,36
31,2,5
31,3,13
31,4,-1
31,5,45
31,6,3
31,7,5
31,8,42
31,9,-1
31,10,-1
31,11,3
31,12,13
31,13,28
31,14,8
31,15,28
31,16,0
31,17,-1
31,18,2
31,19,29
31,20,0
31,21,24
31,22,-1
31,23,-1
31,24,-1
31,25,0
31,26,0
31,27,-1
31,28,2
31,29,11
31,30,7
31,31,32
31,32,5
31,33,-1
31,34,26
32,2,0
32,3,12
32,4,0
32,5,-1
32,6,0
32,7,10
32,8,-1
32,9,0
32,10,17
32,11,14
32,12,-1
32,13,-1
32,14,-1
32,15,23
32,16,-1
32,17,38
32,18,42
32,19,22
32,20,43
32,21,14
32,22,-1
32,23,-1
32,24,26
32,25,47
32,26,-1
32,27,-1
32,28,9
32,29,-1
33,1,9
33,2,-1
33,3,-1
33,4,8
33,5,14
33,6,8
33,7,-1
33,8,9
33,9,28
33,10,-1
33,11,38
33,12,-1
33,13,4
33,14,3
33,15,36
33,16,-1
33,17,-1
33,18,28
33,19,23
33,20,4
33,21,-1
33,22,4
33,23,36
33,24,-1
33,25,9
33,26,-1
33,27,-1
33,28,8
33,29,-1
33,30,8
33,31,45
33,32,5
33,33,-1
33,34,-1
33,35,8
33,36,4
33,37,23
33,38,4
33,39,1
33,40,11
33,41,17
33,42,-1
33,43,-1
33,44,16
33,45,13
33,46,9
33,47,8
33,48,8
33,49,8
33,50,8
33,51,4
33,52,-1
33,53,14
33,54,17
33,55,2
33,56,14
33,57,8
33,58,23
33,59,29
33,60,-1
33,61,26
33,62,9
33,63,-1
33,64,22
33,65,-1
33,66,-1
33,67,1
33,68,1
33,69,42
33,70,40
33,71,8
34,1,0
34,2,0
34,3,26
34,4,42
34,5,5
34,6,7
34,7,-1
34,8,1
34,9,0
34,10,13
34,11,-1
34,12,-1
34,13,-1
34,14,2
34,15,-1
34,16,20
34,17,43
34,18,-1
34,19,-1
34,20,38
34,21,-1
34,22,0
34,23,-1
34,24,0
34,25,39
34,26,-1
34,27,28
34,28,-1
34,29,36
34,30,36
34,31,1
34,32,3
34,33,-1
34,34,6
34,35,-1
34,36,-1
34,37,-1
34,38,5
34,39,19
34,40,17
34,41,17
34,42,22
34,43,-1
34,44,12
34,45,6
34,46,-1
34,47,30
34,48,7
34,49,-1
34,50,-1
34,51,23
34,52,1
34,53,27
34,54,-1
35,1,17
35,2,-1
35,3,13
35,4,6
35,5,-1
35,6,24
35,7,33
35,8,-1
35,9,-1
35,10,-1
35,11,12
35,12,32
35,13,-1
35,14,26
35,15,-1
35,16,-1
35,17,-1
35,18,14
35,19,-1
35,20,-1
35,21,10
35,22,2
35,23,12
35,24,-1
35,25,-1
35,26,43
35,27,40
35,28,19
35,29,-1
35,30,13
35,31,6
35,32,19
35,33,37
35,34,-1
35,35,13
35,36,-1
35,37,-1
35,38,0
35,39,9
35,40,-1
35,41,0
35,42,12
35,43,26
35,44,0
35,45,2
36,2,5
36,3,6
36,4,27
36,5,3
36,6,12
36,7,1
36,8,-1
36,9,34
36,10,1
36,11,23
36,12,2
36,13,-1
36,14,-1
36,15,-1
36,16,-1
36,17,16
36,18,-1
36,19,12
36,20,6
36,21,16
36,22,-1
36,23,-1
36,24,-1
36,25,1
36,26,7
36,27,31
36,28,2
36,29,6
36,30,-1
36,31,-1
36,32,2
36,33,20
36,34,20
36,35,0
36,36,11
36,37,-1
36,38,11
36,39,11
36,40,32
36,41,-1
36,42,28
36,43,13
36,44,23
36,45,-1
36,46,1
36,47,36
36,48,-1
36,49,25
36,50,7
36,51,-1
36,52,-1
36,53,15
36,54,15
36,55,10
36,56,20
36,57,-1
36,58,-1
36,59,24
36,60,27
36,61,-1
36,62,12
36,63,15
36,64,30
36,65,-1
36,66,27
36,67,12
36,68,-1
36,69,9
36,70,-1
36,71,-1
36,72,13
36,73,-1
36,74,28
36,75,-1
36,76,28
36,77,2
36,78,-1
36,79,10
36,80,0
36,81,-1
36,82,-1
37,1,-1
37,2,21
37,3,12
37,4,7
37,5,0
37,6,-1
37,7,24
37,8,17
37,9,-1
37,10,-1
37,11,0
37,12,-1
37,13,12
37,14,-1
37,15,37
37,16,2
37,17,12
37,18,-1
37,19,-1
37,20,-1
37,21,15
37,22,49
37,23,16
37,24,-1
37,25,16
37,26,15
37,27,-1
37,28,-1
37,29,38
37,30,-1
37,31,23
37,32,-1
37,33,15
37,34,14
37,35,-1
37,36,3
37,37,6
37,38,21
37,39,39
37,40,19
37,41,-1
37,42,20
37,43,46
37,44,-1
37,45,10
37,46,10
37,47,10
37,48,-1
37,49,44
37,50,-1
37,51,-1
37,52,-1
37,53,2
37,54,34
37,55,34
37,56,-1
37,57,35
37,58,2
37,59,2
37,60,-1
37,61,-1
37,62,20
37,63,43
37,64,20
37,65,24
37,66,20
37,67,10
37,68,21
37,69,12
37,70,-1
37,71,-1
37,72,12
37,73,12
37,74,19
37,75,33
37,76,26
37,77,-1
37,78,0
37,79,44
37,80,19
37,81,-1
37,82,-1
37,83,7
37,84,49
37,85,-1
37,86,0
37,87,-1
37,88,-1
37,89,-1
37,90,-1
37,91,16
37,92,-1
37,93,16
37,94,-1
37,95,7
37,96,10
37,97,3
37,98,7
37,99,45
37,100,-1
37,101,-1
37,102,-1
37,103,-1
37,104,12
37,105,-1
37,106,-1
37,107,-1
37,108,-1
37,109,44
37,110,19
37,111,-1
37,112,3
37,113,13
37,114,26
37,115,-1
37,116,45
37,117,27
37,118,-1
37,119,-1
37,120,44
37,121,19
37,122,6
37,123,-1
37,124,-1
37,125,12
37,126,15
37,127,19
37,128,-1
37,129,13
37,130,44
37,131,19
37,132,6
37,133,16
37,134,8
37,135,-1
37,136,11
37,137,11
37,138,6
37,139,32
37,140,-1
37,141,32
37,142,16
37,143,-1
37,144,-1
37,145,-1
37,146,15
37,147,-1
37,148,-1
37,149,17
37,150,-1
37,151,3
37,152,25
37,153,-1
37,154,-1
37,155,-1
37,156,5
37,157,-1
37,158,49
37,159,19
37,160,49
37,161,21
37,162,16
37,163,-1
37,164,-1
37,165,-1
37,166,-1
37,167,5
37,168,19
37,169,-1
37,170,19
37,171,44
37,172,-1
37,173,-1
37,174,34
37,175,-1
37,176,15
37,177,-1
37,178,34
37,179,7
37,180,6
37,181,0
38,1,12
38,2,28
38,3,12
38,4,9
38,5,-1
38,6,7
38,7,1
38,8,-1
38,9,45
38,10,0
38,11,28
38,12,-1
38,13,29
38,14,6
38,15,-1
38,16,15
38,17,19
38,18,40
38,19,38
38,20,-1
38,21,21
38,22,18
38,23,29
38,24,2
38,25,-1
38,26,2
38,27,26
38,28,-1
38,29,5
38,30,-1
38,31,11
38,32,35
38,33,29
38,34,-1
38,35,-1
38,36,-1
38,37,-1
38,38,-1
38,39,13
38,40,-1
38,41,24
38,42,10
38,43,13
38,44,19
38,45,-1
38,46,13
38,47,-1
38,48,43
38,49,-1
38,50,46
38,51,20
38,52,12
38,53,15
38,54,3
38,55,-1
38,56,-1
38,57,10
38,58,34
38,59,22
38,60,-1
38,61,22
38,62,3
38,63,34
38,64,22
38,65,-1
38,66,0
38,67,-1
38,68,-1
38,69,17
38,70,12
38,71,17
38,72,-1
38,73,17
38,74,24
38,75,24
38,76,10
38,77,-1
38,78,-1
38,79,-1
38,80,16
38,81,-1
38,82,3
38,83,19
38,84,-1
38,85,3
38,86,18
38,87,0
38,88,-1
39,1,5
39,2,-1
39,3,1
39,4,-1
39,5,-1
39,6,-1
39,7,-1
39,8,-1
39,9,-1
39,10,-1
39,11,-1
39,12,-1
39,13,-1
39,14,-1
39,15,-1
39,16,19
39,17,19
39,18,-1
39,19,22
39,20,41
39,21,-1
39,22,4
39,23,-1
39,24,-1
39,25,-1
39,26,2
39,27,-1
39,28,-1
39,29,-1
39,30,2
39,31,26
39,32,9
39,33,18
39,34,-1
39,35,39
39,36,19
39,37,18
39,38,0
39,39,-1
39,40,-1
39,41,-1
39,42,2
39,43,16
39,44,0
39,45,-1
39,46,0
39,47,26
39,48,29
39,49,-1
39,50,-1
39,51,29
39,52,1
39,53,19
39,54,7
39,55,3
39,56,-1
39,57,-1
39,58,9
39,59,22
39,60,43
39,61,44
39,62,0
39,63,-1
39,64,-1
39,65,13
39,66,0
39,67,0
39,68,-1
39,69,44
39,70,-1
39,71,-1
39,72,7
39,73,42
39,74,17
40,2,-1
40,3,-1
40,4,5
40,5,-1
40,6,22
40,7,33
40,8,-1
40,9,13
40,10,1
40,11,14
40,12,1
40,13,0
40,14,9
40,15,19
40,16,9
40,17,15
40,18,-1
40,19,-1
40,20,-1
40,21,14
40,22,6
40,23,5
40,24,37
40,25,8
40,26,-1
40,27,-1
40,28,-1
40,29,0
40,30,28
40,31,19
40,32,-1
40,33,-1
40,34,6
40,35,1
40,36,-1
40,37,-1
40,38,1
40,39,2
40,40,-1
40,41,22
40,42,-1
40,43,22
40,44,19
40,45,-1
40,46,26
40,47,22
40,48,19
40,49,-1
40,50,6
40,51,-1
40,52,-1
40,53,-1
40,54,-1
40,55,-1
40,56,5
40,57,0
40,58,1
40,59,1
40,60,-1
40,61,11
40,62,-1
40,63,5
40,64,0
40,65,0
40,66,-1
40,67,2
40,68,2
40,69,5
40,70,6
40,71,-1
40,72,10
40,73,-1
40,74,9
40,75,0
40,76,-1
40,77,36
40,78,6
40,79,-1
40,80,32
40,81,-1
40,82,0
40,83,6
40,84,1
40,85,9
41,2,-1
41,3,4
41,4,-1
41,5,47
41,6,-1
41,7,2
41,8,-1
41,9,0
41,10,-1
41,11,0
41,12,11
41,13,-1
41,14,17
41,15,0
41,16,-1
41,17,3
41,18,1
41,19,-1
41,20,30
41,21,30
41,22,30
41,23,-1
41,24,-1
41,25,12
41,26,18
41,27,-1
41,28,22
41,29,27
41,30,17
41,31,2
41,32,-1
41,33,4
41,34,28
41,35,13
41,36,24
41,37,11
41,38,-1
41,39,-1
41,40,22
41,41,5
41,42,5
41,43,6
41,44,4
41,45,-1
41,46,-1
41,47,-1
41,48,-1
41,49,-1
41,50,-1
41,51,27
41,52,7
41,53,-1
42,3,-1
42,4,0
42,5,17
42,6,18
42,7,4
42,8,13
42,9,1
42,10,-1
42,11,0
42,12,0
42,13,4
42,14,-1
42,15,-1
42,16,-1
42,17,26
42,18,1
42,19,19
42,20,2
42,21,-1
42,22,42
42,23,-1
42,24,-1
42,25,19
42,26,9
42,27,19
42,28,-1
42,29,0
42,30,-1
42,31,0
42,32,32
42,33,13
42,34,-1
42,35,-1
42,36,-1
42,37,14
42,38,33
42,39,-1
42,40,13
42,41,-1
42,42,2
42,43,-1
42,44,-1
42,45,1
42,46,-1
42,47,-1
42,48,-1
42,49,0
42,50,-1
42,51,-1
42,52,6
42,53,0
43,2,5
43,3,4
43,4,-1
43,5,-1
43,6,4
43,7,4
43,8,12
43,9,0
43,10,0
43,11,2
43,12,32
43,13,-1
43,14,-1
43,15,25
43,16,23
43,17,-1
43,18,17
43,19,3
43,20,5
43,21,-1
43,22,12
43,23,6
43,24,3
43,25,49
43,26,-1
43,27,-1
43,28,6
43,29,37
43,30,-1
43,31,-1
43,32,-1
43,33,-1
43,34,2
43,35,24
43,36,-1
43,37,-1
43,38,-1
43,39,47
43,40,-1
43,41,-1
43,42,-1
43,43,-1
43,44,6
43,45,5
43,46,-1
43,47,37
43,48,33
43,49,36
43,50,41
43,51,-1
43,52,17
43,53,-1
43,54,-1
43,55,-1
43,56,-1
43,57,-1
43,58,19
43,59,17
43,60,26
43,61,24
43,62,6
43,63,7
43,64,43
43,65,26
43,66,28
43,67,19
43,68,4
43,69,46
43,70,10
43,71,-1
43,72,20
43,73,3
43,74,-1
43,75,18
43,76,-1
43,77,-1
43,78,18
43,79,47
43,80,49
43,81,0
43,82,15
43,83,0
43,84,26
43,85,30
43,86,0
43,87,1
43,88,-1
44,2,5
44,3,12
44,4,-1
44,5,-1
44,6,-1
44,7,0
44,8,2
44,9,21
44,10,31
44,11,-1
44,12,38
44,13,6
44,14,3
44,15,-1
44,16,15
44,17,6
44,18,19
44,19,6
44,20,7
44,21,1
44,22,33
44,23,19
44,24,28
44,25,10
44,26,20
44,27,-1
44,28,-1
44,29,0
44,30,3
44,31,27
44,32,0
44,33,32
44,35,2
44,36,12
44,37,-1
44,38,0
44,39,18
44,40,15
44,41,-1
44,42,-1
44,43,-1
44,44,14
44,45,10
44,46,10
44,47,34
44,48,10
44,49,-1
44,50,-1
44,51,-1
44,52,20
44,53,-1
44,54,-1
44,55,20
44,56,2
44,57,-1
44,58,-1
44,59,-1
46,2,5
46,3,0
46,4,0
46,5,-1
46,6,28
46,7,5
46,8,30
46,9,6
46,10,-1
46,11,1
46,12,4
46,13,23
46,14,-1
46,15,4
46,16,-1
46,17,12
46,18,-1
46,19,-1
46,20,22
46,21,48
46,22,36
46,23,3
46,24,31
46,25,-1
46,26,5
46,27,-1
46,28,1
46,29,-1
46,30,5
46,31,48
46,32,0
46,33,0
46,34,22
46,35,-1
47,1,-1
47,2,1
47,3,1
47,4,-1
47,5,16
47,6,46
47,7,1
47,8,-1
47,9,-1
47,10,9
47,11,9
47,12,41
47,13,-1
47,14,-1
47,15,41
47,16,-1
47,17,13
47,18,26
47,19,14
47,20,1
47,21,-1
47,22,-1
47,23,-1
47,24,-1
47,25,24
47,26,-1
47,27,17
47,28,-1
47,29,-1
47,30,-1
47,31,4
47,32,-1
47,33,42
47,34,9
47,35,-1
47,36,-1
47,37,-1
47,38,13
48,1,13
48,2,14
48,3,16
48,4,0
48,5,41
48,6,8
48,7,0
48,8,30
48,9,6
48,10,-1
48,11,4
48,12,-1
48,13,9
48,14,0
48,15,-1
48,16,4
48,17,41
48,18,13
48,19,-1
48,20,38
48,21,-1
48,22,27
48,23,-1
48,24,-1
48,25,4
48,26,-1
48,27,4
48,28,-1
48,29,4
49,1,6
49,2,-1
49,3,-1
49,4,16
49,5,3
49,6,1
49,7,1
49,8,13
49,9,-1
49,10,49
49,11,1
49,12,1
49,13,-1
49,14,4
49,15,4
49,16,0
49,17,4
49,18,0
50,1,21
50,2,9
50,3,27
50,4,0
50,5,-1
50,6,31
50,7,40
50,8,19
50,9,20
50,10,20
50,11,19
50,12,-1
50,14,-1
50,15,-1
50,16,3
50,17,17
50,18,17
50,19,-1
50,20,15
50,21,30
50,22,-1
50,23,16
50,24,3
50,25,-1
50,26,28
50,27,27
50,28,18
50,29,19
50,30,15
50,31,46
50,32,19
50,33,23
50,34,-1
50,35,16
50,36,-1
50,37,30
50,38,0
50,39,-1
50,40,-1
50,41,16
50,42,15
50,43,2
50,44,15
50,45,23
51,1,15
51,2,31
51,3,21
51,4,-1
51,5,16
51,6,36
51,7,16
51,8,31
51,9,-1
51,10,27
51,11,-1
51,12,21
51,13,-1
51,14,22
51,15,16
51,16,21
51,17,20
51,18,13
51,19,11
51,20,11
51,21,25
51,22,0
51,23,34
51,24,46
51,25,0
51,26,17
51,27,-1
51,28,-1
51,29,25
51,30,-1
51,31,-1
51,32,8
51,33,7
51,34,4
51,35,21
51,36,14
51,37,10
51,38,7
51,39,38
51,40,4
51,41,23
51,42,4
51,43,37
51,44,37
51,45,28
51,46,31
51,47,-1
51,48,-1
51,49,30
51,50,-1
51,51,-1
51,52,-1
51,53,31
51,54,0
51,55,12
51,56,12
51,57,12
51,58,6
51,59,-1
51,60,-1
51,61,-1
51,62,-1
51,63,49
51,64,-1
51,65,-1
51,66,-1
51,67,18
51,68,36
52,1,43
52,2,40
52,3,-1
52,4,-1
52,5,-1
52,6,31
52,7,10
52,8,7
52,9,-1
52,10,31
52,11,40
52,12,15
52,13,21
52,14,22
52,15,22
52,16,37
52,17,21
52,18,46
52,19,-1
52,20,10
52,21,-1
52,22,1
52,23,-1
52,24,13
52,25,14
52,26,-1
52,27,-1
52,28,23
52,29,-1
52,30,-1
52,31,-1
52,32,35
52,33,-1
52,34,-1
52,35,-1
52,36,1
52,37,-1
52,38,-1
52,39,3
52,40,0
52,41,-1
52,42,-1
52,43,25
52,44,-1
52,45,21
52,46,-1
52,47,-1
52,48,-1
52,49,31
52,50,15
52,51,15
52,52,43
52,53,7
52,54,-1
53,1,4
53,2,-1
53,3,-1
53,4,-1
53,5,21
53,6,-1
53,7,34
53,8,31
53,9,-1
53,10,-1
53,11,-1
53,12,34
53,13,34
53,14,-1
53,15,21
53,16,46
53,17,-1
53,18,-1
53,19,7
53,20,-1
53,21,12
53,22,21
53,23,-1
53,24,-1
53,25,12
53,26,-1
53,27,2
53,28,17
53,29,-1
53,30,17
53,31,3
53,32,2
53,33,-1
53,34,14
53,35,0
53,36,14
53,37,-1
53,38,-1
53,39,-1
53,40,34
53,41,-1
53,42,-1
53,43,14
53,44,39
53,45,34
53,46,44
53,47,7
53,48,-1
53,49,2
53,50,-1
53,51,-1
53,52,3
53,53,13
53,54,-1
53,55,2
53,56,-1
53,57,-1
53,58,-1
53,59,26
53,60,35
53,61,12
53,62,-1
53,63,16
53,64,-1
53,65,-1
53,66,21
53,67,49
54,1,26
54,2,26
54,3,37
54,4,-1
54,5,-1
54,6,12
54,7,15
54,8,38
54,9,9
54,11,-1
54,12,7
54,13,31
54,14,-1
54,15,-1
54,16,34
54,17,-1
54,18,12
54,19,-1
54,20,-1
54,21,12
54,22,31
54,23,20
54,24,12
54,25,-1
54,26,-1
54,27,12
54,28,-1
54,29,3
54,30,3
54,31,-1
54,32,10
54,33,-1
54,34,12
54,35,-1
54,36,-1
54,38,12
54,39,11
54,40,13
54,41,12
54,42,12
54,43,43
54,44,12
54,45,-1
54,46,-1
54,47,-1
54,48,10
54,49,9
54,50,9
54,51,-1
54,52,27
54,53,26
54,54,14
54,55,3
54,56,22
54,57,-1
54,58,-1
54,59,-1
54,60,-1
54,61,21
54,62,20
54,63,-1
55,1,-1
55,2,-1
55,3,3
55,4,-1
55,5,11
55,6,20
55,7,31
55,8,-1
55,9,-1
55,10,0
55,11,20
55,12,38
55,13,35
55,14,-1
55,15,-1
55,16,10
55,17,35
55,18,-1
55,19,35
55,20,16
55,21,-1
55,22,35
55,23,-1
55,24,35
55,25,40
55,26,35
55,27,-1
55,28,-1
55,29,7
55,30,35
55,31,0
55,32,35
55,33,3
55,34,-1
55,35,35
55,36,0
55,37,35
55,38,10
55,39,35
55,40,26
55,41,-1
55,42,35
55,43,14
55,44,35
55,45,-1
55,46,35
55,47,14
55,48,10
55,49,35
55,50,-1
55,51,23
55,52,35
55,53,46
55,54,35
55,55,-1
55,56,35
55,57,-1
55,58,35
55,59,20
55,60,35
55,61,-1
55,62,35
55,63,10
55,64,35
55,65,44
55,66,35
55,67,2
55,68,46
55,69,35
55,70,46
55,71,35
55,72,-1
55,73,35
55,74,20
55,75,35
55,76,-1
55,77,35
55,78,-1
55,79,35
55,80,-1
55,81,35
55,82,20
55,83,35
55,84,7
56,1,26
56,2,26
56,3,3
56,4,-1
56,5,0
56,6,40
56,7,-1
56,8,-1
56,9,-1
56,10,-1
56,11,-1
56,12,1
56,13,-1
56,14,46
56,15,16
56,16,-1
56,17,-1
56,18,-1
56,19,25
56,20,10
56,21,10
56,22,20
56,23,38
56,24,-1
56,25,-1
56,26,39
56,27,14
56,28,-1
56,31,20
56,32,20
56,33,-1
56,34,10
56,35,20
56,36,3
56,37,-1
56,38,16
56,39,-1
56,40,-1
56,42,16
56,43,16
56,45,-1
56,46,10
56,48,10
56,49,-1
56,50,14
56,51,2
56,52,12
56,53,16
56,54,-1
56,55,-1
56,56,20
56,57,-1
56,58,10
56,60,-1
56,61,16
56,62,-1
56,63,-1
56,64,21
56,65,2
56,66,3
56,67,-1
56,68,-1
56,69,20
56,70,-1
56,71,-1
56,72,44
56,73,10
56,74,31
56,75,13
56,76,10
56,77,20
56,78,-1
56,79,7
56,80,-1
56,81,-1
56,82,36
56,83,-1
56,84,-1
56,85,-1
56,86,-1
56,87,-1
56,88,-1
56,89,12
56,90,-1
56,91,34
56,92,34
56,93,44
56,94,-1
56,95,-1
56,96,46
56,97,-1
56,98,16
56,99,16
56,100,21
56,101,21
56,102,-1
56,103,7
57,1,0
57,2,0
57,3,7
57,4,0
57,5,0
57,6,11
57,7,6
57,8,6
57,9,-1
57,10,28
57,11,13
57,12,41
57,13,-1
57,14,18
57,15,22
57,16,-1
57,17,2
57,18,-1
57,19,-1
57,20,2
57,21,0
57,22,26
57,23,23
57,24,13
57,25,6
57,26,-1
57,27,-1
57,28,-1
57,29,45
58,1,8
58,2,8
58,3,9
58,4,-1
58,5,30
58,6,0
58,7,-1
58,8,-1
58,9,-1
58,10,1
58,11,6
58,12,-1
58,13,-1
58,14,39
58,15,-1
58,16,-1
58,17,-1
58,18,24
58,19,6
58,20,-1
58,21,41
59,1,0
59,2,-1
59,3,22
59,4,6
59,5,20
59,6,-1
59,7,-1
59,8,-1
59,9,1
59,10,1
59,11,-1
59,12,16
59,13,23
59,14,28
59,15,-1
59,16,23
59,17,22
59,18,-1
59,19,3
59,20,46
59,21,40
59,22,-1
59,23,-1
59,24,0
60,1,-1
60,2,9
60,3,25
60,4,-1
60,5,9
60,6,13
60,7,-1
60,8,-1
60,9,49
60,10,8
60,11,8
60,12,8
60,13,9
61,1,0
61,2,1
61,3,39
61,4,28
61,5,-1
61,6,-1
61,7,4
61,8,9
61,9,-1
61,10,33
61,11,-1
61,12,41
61,13,38
61,14,-1
62,1,0
62,2,5
62,3,-1
62,4,13
62,5,42
62,6,48
62,7,2
62,8,-1
62,9,33
62,10,33
62,11,-1
63,1,30
63,2,-1
63,3,1
63,4,47
63,5,48
63,6,-1
63,7,0
63,8,38
63,9,-1
63,10,-1
63,11,-1
64,1,0
64,2,9
64,3,0
64,4,0
64,5,-1
64,6,-1
64,7,7
64,8,-1
64,9,41
64,10,22
64,11,1
64,12,6
64,13,35
64,14,8
64,15,-1
64,16,13
64,17,13
64,18,-1
65,1,8
65,2,30
65,3,45
65,4,8
65,5,-1
65,6,25
65,7,13
65,8,-1
65,9,-1
65,10,1
65,11,-1
65,12,0
66,1,8
66,2,-1
66,3,4
66,4,17
66,5,8
66,6,17
66,7,15
66,8,-1
66,9,4
66,10,19
66,11,-1
66,12,-1
67,1,-1
67,2,2
67,3,-1
67,4,23
67,5,11
67,6,-1
67,7,47
67,8,-1
67,9,-1
67,10,16
67,11,14
67,12,23
67,13,-1
67,14,-1
67,15,0
67,16,0
67,17,-1
67,18,3
67,19,38
67,20,9
67,21,-1
67,22,-1
67,23,-1
67,24,0
67,25,36
67,26,12
67,27,-1
67,28,-1
67,29,-1
67,30,10
68,1,21
68,2,45
68,3,-1
68,4,-1
68,5,34
68,6,3
68,7,-1
68,8,18
68,9,-1
68,10,-1
68,11,3
68,12,14
68,13,3
68,14,-1
68,15,5
68,16,38
68,17,20
68,18,-1
68,19,26
68,20,11
68,21,11
68,22,20
68,23,47
68,24,20
68,25,11
68,26,20
68,27,-1
68,28,-1
68,29,-1
68,30,-1
68,31,-1
68,32,44
68,33,2
68,34,46
68,35,4
68,36,-1
68,37,5
68,38,16
68,39,26
68,40,-1
68,41,28
68,42,15
68,43,-1
68,44,-1
68,45,-1
68,46,-1
68,47,-1
68,48,-1
68,49,-1
68,50,16
68,51,-1
68,52,0
69,2,21
69,3,21
69,4,21
69,5,47
69,6,10
69,7,31
69,8,34
69,9,-1
69,10,2
69,11,10
69,12,47
69,13,-1
69,14,40
69,15,26
69,16,31
69,17,17
69,18,15
69,19,42
69,20,16
69,21,-1
69,22,46
69,23,20
69,24,10
69,25,-1
69,26,-1
69,27,-1
69,28,-1
69,29,-1
69,30,-1
69,31,16
69,32,15
69,33,1
69,34,25
69,35,-1
69,36,-1
69,37,14
69,38,34
69,39,34
69,40,-1
69,41,1
69,42,-1
69,43,27
69,44,-1
69,45,-1
69,46,-1
69,47,-1
69,48,-1
69,49,-1
69,50,9
69,51,-1
69,52,7
70,1,-1
70,2,9
70,3,-1
70,4,17
70,5,-1
70,6,34
70,7,34
70,8,31
70,9,40
70,10,-1
70,11,-1
70,12,8
70,13,25
70,14,0
70,15,10
70,16,-1
70,17,16
70,18,-1
70,19,3
70,20,29
70,21,-1
70,22,33
70,23,33
70,24,-1
70,25,-1
70,26,-1
70,27,23
70,28,16
70,29,3
70,30,8
70,31,-1
70,32,36
70,33,30
70,34,-1
70,35,-1
70,36,16
70,37,-1
70,38,46
70,39,-1
70,40,-1
70,41,-1
70,42,15
70,43,-1
70,44,15
71,1,12
71,2,12
71,3,-1
71,4,14
71,5,11
71,6,-1
71,7,-1
71,8,-1
71,9,-1
71,10,7
71,11,31
71,12,20
71,13,23
71,14,16
71,15,-1
71,16,11
71,17,0
71,18,16
71,19,0
71,20,27
71,21,-1
71,22,3
71,23,7
71,24,18
71,25,22
71,26,-1
71,27,-1
71,28,8
72,1,-1
72,2,1
72,3,8
72,4,-1
72,5,3
72,6,-1
72,7,3
72,8,31
72,9,-1
72,10,0
72,11,27
72,12,0
72,13,1
72,14,4
72,15,-1
72,16,27
72,17,7
72,18,4
72,19,-1
72,20,-1
72,21,44
72,22,27
72,23,22
72,24,3
72,25,7
72,26,34
72,27,6
72,28,7
73,1,21
73,2,11
73,3,-1
73,4,-1
73,5,-1
73,6,11
73,7,15
73,8,7
73,9,31
73,10,-1
73,11,2
73,12,-1
73,13,20
73,14,40
73,15,-1
73,16,-1
73,17,25
73,18,36
73,19,7
73,20,-1
74,1,21
74,2,12
74,3,7
74,4,16
74,5,-1
74,6,18
74,7,7
74,9,15
74,10,9
74,11,16
74,12,13
74,13,25
74,14,-1
74,15,16
74,16,5
74,17,-1
74,18,-1
74,19,-1
74,20,-1
74,21,34
74,22,-1
74,23,3
74,24,37
74,25,3
74,26,16
74,27,21
74,28,-1
74,29,-1
74,30,21
74,31,17
74,32,-1
74,33,11
74,34,11
74,35,-1
74,36,12
74,37,-1
74,38,-1
74,39,-1
74,40,46
74,41,21
74,42,16
74,43,33
74,44,25
74,45,-1
74,46,15
74,47,2
74,48,-1
74,49,12
74,50,29
74,51,21
74,52,-1
74,53,2
74,54,12
74,55,-1
74,56,-1
75,1,26
75,2,-1
75,3,-1
75,4,-1
75,5,39
75,6,26
75,7,38
75,8,11
75,9,11
75,10,15
75,11,-1
75,12,15
75,13,15
75,14,30
75,15,-1
75,16,18
75,17,-1
75,18,-1
75,19,39
75,20,2
75,21,2
75,22,-1
75,23,7
75,24,-1
75,25,26
75,26,-1
75,27,3
75,28,-1
75,29,21
75,30,-1
75,31,33
75,32,-1
75,33,25
75,34,-1
75,35,-1
75,36,3
75,37,3
75,38,44
75,39,-1
75,40,2
76,1,-1
76,2,3
76,3,13
76,4,10
76,5,10
76,6,19
76,7,23
76,8,25
76,9,-1
76,10,23
76,11,-1
76,12,-1
76,13,11
76,14,-1
76,15,10
76,16,10
76,17,10
76,18,20
76,19,25
76,20,-1
76,21,-1
76,22,44
76,23,-1
76,24,14
76,25,11
76,26,11
76,27,2
76,28,-1
76,29,7
76,30,-1
76,31,-1
77,1,16
77,2,31
77,3,31
77,4,5
77,5,21
77,6,12
77,7,36
77,9,31
77,10,40
77,11,6
77,12,15
77,13,15
77,14,15
77,15,15
77,16,18
77,17,16
77,18,3
77,19,15
77,20,18
77,21,16
77,22,-1
77,23,-1
77,24,15
77,25,0
77,26,2
77,27,40
77,28,15
77,29,-1
77,30,-1
77,31,22
77,32,10
77,33,-1
77,34,15
77,35,15
77,36,-1
77,37,15
77,38,15
77,39,3
77,40,15
77,41,18
77,42,20
77,43,10
77,44,44
77,45,15
77,46,-1
77,47,15
77,48,-1
77,49,15
77,50,1
78,1,-1
78,2,-1
78,3,21
78,4,-1
78,5,-1
78,6,0
78,7,40
78,8,-1
78,9,11
78,10,11
78,11,2
78,12,-1
78,13,-1
78,14,31
78,15,20
78,16,20
78,17,15
78,18,43
78,19,31
78,20,40
78,21,-1
78,22,27
78,23,-1
78,24,10
78,25,21
78,26,-1
78,27,-1
78,28,5
78,29,-1
78,30,43
78,31,-1
78,32,20
78,33,25
78,34,10
78,35,-1
78,36,7
78,37,0
78,38,-1
78,39,-1
78,40,9
79,1,-1
79,2,-1
79,3,-1
79,4,10
79,5,21
79,6,15
79,7,21
79,8,23
79,9,34
79,10,-1
79,11,-1
79,12,-1
79,13,-1
79,14,0
79,15,-1
79,16,7
79,17,27
79,18,-1
79,19,23
79,20,37
79,21,-1
79,22,-1
79,23,21
79,24,7
79,25,2
79,26,23
79,27,31
79,28,-1
79,29,11
79,30,0
79,31,10
79,32,40
79,33,29
79,34,26
79,35,26
79,36,15
79,37,34
79,38,-1
79,39,2
79,40,-1
79,41,23
79,42,46
79,43,9
79,44,26
79,45,16
79,46,7
79,47,23
79,48,11
80,1,-1
80,2,16
80,3,-1
80,4,-1
80,5,-1
80,6,34
80,7,-1
80,8,16
80,9,23
80,10,21
80,11,12
80,12,34
80,13,10
80,14,-1
80,15,-1
80,16,-1
80,17,-1
80,18,-1
80,19,16
80,20,-1
80,21,2
80,22,-1
80,23,18
80,24,-1
80,25,10
80,26,0
80,27,20
80,30,20
80,31,20
80,32,29
80,33,47
80,34,15
80,35,25
80,36,8
80,37,15
80,38,-1
80,39,-1
80,40,-1
80,41,11
80,42,9
81,2,-1
81,4,29
81,6,10
81,7,-1
81,8,25
81,9,14
81,10,-1
81,12,-1
81,13,46
81,14,39
81,15,-1
81,16,21
81,17,11
81,18,11
81,19,-1
81,20,-1
81,21,16
81,22,18
81,23,-1
81,24,18
81,25,24
81,26,27
81,27,0
81,28,27
81,29,0
82,1,31
82,2,-1
82,3,10
82,4,-1
82,5,39
82,6,7
82,7,44
82,8,-1
82,9,18
82,10,34
82,11,-1
82,12,39
82,13,-1
82,14,3
82,15,-1
82,16,-1
82,17,-1
82,18,-1
82,19,15
83,1,3
83,2,16
83,3,-1
83,4,18
83,5,15
83,6,-1
83,7,18
83,8,21
83,9,-1
83,10,15
83,11,15
83,12,14
83,13,5
83,14,39
83,15,-1
83,16,-1
83,17,-1
83,18,-1
83,19,21
83,20,-1
83,21,30
83,22,-1
83,23,-1
83,24,-1
83,25,10
83,26,-1
83,27,21
83,28,10
83,29,-1
83,30,-1
83,31,-1
83,32,16
83,33,-1
83,34,-1
83,35,-1
84,1,31
84,2,7
84,3,0
84,4,-1
84,5,7
84,6,39
84,7,-1
84,8,43
84,9,25
84,10,-1
84,11,-1
84,12,21
84,13,25
84,14,21
84,15,7
84,16,-1
84,17,11
84,18,-1
84,19,27
84,20,1
84,21,-1
84,22,-1
84,23,-1
84,24,-1
85,1,11
85,2,15
85,3,30
85,4,10
85,5,-1
85,6,38
85,7,1
85,8,0
85,9,38
85,10,41
85,11,7
85,12,-1
85,13,3
85,15,-1
85,16,28
85,17,21
85,18,9
85,19,-1
85,20,-1
85,21,34
86,1,11
86,2,11
86,3,-1
86,4,34
86,5,3
86,6,10
86,7,-1
86,8,-1
86,9,15
86,10,-1
86,11,31
86,12,0
86,13,-1
86,14,3
86,15,3
86,16,-1
86,17,9
87,1,7
87,2,44
87,3,-1
87,4,29
87,5,-1
87,6,12
87,7,-1
87,8,-1
87,9,-1
87,10,23
87,11,27
87,12,10
87,13,2
87,14,-1
87,15,7
87,16,2
87,17,2
87,18,10
87,19,21
88,1,21
88,2,-1
88,3,-1
88,4,10
88,5,10
88,6,20
88,7,-1
88,8,-1
88,9,39
88,10,46
88,11,-1
88,12,10
88,13,-1
88,14,10
88,15,-1
88,16,-1
88,17,18
88,18,31
88,19,40
88,20,0
88,21,12
88,22,18
88,23,-1
88,24,43
88,25,-1
88,26,-1
89,2,11
89,3,-1
89,4,11
89,5,-1
89,6,18
89,7,-1
89,8,18
89,9,40
89,10,21
89,11,-1
89,12,29
89,13,7
89,14,7
89,15,45
89,16,-1
89,17,-1
89,18,-1
89,19,-1
89,20,-1
89,21,18
89,22,17
89,23,15
89,24,39
89,25,-1
89,26,-1
89,28,-1
89,29,19
89,30,46
90,1,-1
90,2,-1
90,3,25
90,4,3
90,5,-1
90,6,-1
90,7,34
90,8,18
90,9,-1
90,10,27
90,11,-1
90,12,-1
90,13,25
90,14,-1
90,15,25
90,16,25
90,17,1
90,18,-1
90,19,5
90,20,22
91,1,-1
91,2,11
91,3,11
91,4,11
91,5,31
91,6,0
91,7,44
91,8,-1
91,9,-1
91,10,-1
91,11,-1
91,12,-1
91,13,10
91,14,-1
91,15,23
92,1,11
92,2,11
92,3,-1
92,4,39
92,5,-1
92,6,44
92,7,-1
92,8,-1
92,9,-1
92,10,27
92,11,-1
92,12,16
92,13,2
92,14,22
92,15,3
92,16,-1
92,17,27
92,18,-1
92,19,44
92,20,7
92,21,-1
93,1,-1
93,2,11
93,3,-1
93,4,2
93,5,45
93,6,25
93,7,-1
93,8,-1
93,9,25
93,10,18
93,11,35
94,1,-1
94,2,-1
94,3,-1
94,4,21
94,5,-1
94,6,-1
94,7,39
94,8,7
95,1,20
95,2,40
95,3,16
95,4,44
95,5,27
95,6,-1
95,7,15
95,8,-1
96,1,7
96,2,-1
96,3,7
96,4,-1
96,5,-1
96,6,-1
96,7,-1
96,8,-1
96,9,-1
96,10,-1
96,11,6
96,12,18
96,13,3
96,14,-1
96,15,-1
96,16,-1
96,17,16
96,18,-1
96,19,18
97,1,27
97,2,-1
97,3,11
97,4,17
97,5,11
98,1,6
98,2,6
98,3,5
98,4,6
98,5,-1
98,6,22
98,7,-1
98,8,41
99,1,0
99,2,0
99,3,-1
99,4,-1
99,5,7
99,6,15
99,7,39
99,8,3
100,1,29
100,2,10
100,3,11
100,4,31
100,5,28
100,6,-1
100,7,30
100,8,13
100,9,-1
100,10,-1
100,11,15
101,2,21
101,3,21
101,4,15
101,5,40
101,6,-1
101,7,-1
101,8,-1
101,9,21
101,10,-1
102,1,-1
102,2,16
102,3,-1
102,4,-1
102,5,-1
102,6,34
102,7,34
102,8,15
103,1,21
103,2,-1
103,3,42
104,1,-1
104,2,-1
104,3,-1
104,4,-1
104,5,21
104,6,10
104,7,3
104,8,11
104,9,-1
105,1,-1
105,2,18
105,3,38
105,4,10
105,5,20
106,1,-1
106,2,10
106,3,49
106,4,-1
107,1,1
107,2,25
107,3,-1
107,4,33
107,5,20
107,6,21
107,7,18
108,1,-1
108,2,33
108,3,-1
109,1,9
109,2,49
109,3,49
109,4,49
109,5,49
109,6,1
110,1,-1
110,2,4
110,3,7
111,1,-1
111,2,-1
111,3,10
111,4,10
111,5,-1
112,1,3
112,2,-1
112,3,25
112,4,21
113,1,11
113,2,3
113,3,11
113,4,-1
113,5,3
114,1,-1
114,3,49
114,4,-1
114,5,-1
114,6,-1
